<?xml version="1.0" encoding="UTF-8"?>
<gpx creator="StravaGPX" version="1.1" schemaLocation="http://www.topografix.com/GPX/1/1 http://www.topografix.com/GPX/1/1/gpx.xsd" xmlns="http://www.topografix.com/GPX/1/1" xmlns:xsi="http://www.w3.org/2001/XMLSchema-instance" xsi:schemaLocation="http://www.topografix.com/GPX/1/1 http://www.topografix.com/GPX/1/1/gpx.xsd http://www.garmin.com/xmlschemas/GpxExtensions/v3 http://www.garmin.com/xmlschemas/GpxExtensionsv3.xsd http://www.garmin.com/xmlschemas/TrackPointExtension/v1 http://www.garmin.com/xmlschemas/TrackPointExtensionv1.xsd http://www.garmin.com/xmlschemas/PowerExtension/v1 http://www.garmin.com/xmlschemas/PowerExtensionv1.xsd http://www.topografix.com/GPX/gpx_style/0/2 http://www.topografix.com/GPX/gpx_style/0/2/gpx_style.xsd" xmlns:gpxtpx="http://www.garmin.com/xmlschemas/TrackPointExtension/v1" xmlns:gpxx="http://www.garmin.com/xmlschemas/GpxExtensions/v3" xmlns:gpxpx="http://www.garmin.com/xmlschemas/PowerExtension/v1" xmlns:gpx_style="http://www.topografix.com/GPX/gpx_style/0/2">
  <metadata>
    <name>Marathon de Lille 2026 ⚜️🇫🇷</name>
    <author>
      <name>gpx.studio</name>
      <link href="https://gpx.studio"/>
    </author>
    <link href="https://www.strava.com/routes/3534881282253069704"/>
  </metadata>
  <trk>
    <name>Marathon de Lille 2026 ⚜️🇫🇷</name>
    <link href="https://www.strava.com/routes/3534881282253069704"/>
    <type>running</type>
    <trkseg>
      <trkpt lat="50.628172" lon="3.068723">
        <ele>23</ele>
      </trkpt>
      <trkpt lat="50.628187" lon="3.069322">
        <ele>23</ele>
      </trkpt>
      <trkpt lat="50.628187" lon="3.069322">
        <ele>23</ele>
      </trkpt>
      <trkpt lat="50.628187" lon="3.069322">
        <ele>23</ele>
      </trkpt>
      <trkpt lat="50.628201" lon="3.06959">
        <ele>23</ele>
      </trkpt>
      <trkpt lat="50.628218" lon="3.069713">
        <ele>23</ele>
      </trkpt>
      <trkpt lat="50.628292" lon="3.069705">
        <ele>23</ele>
      </trkpt>
      <trkpt lat="50.628304" lon="3.069821">
        <ele>23</ele>
      </trkpt>
      <trkpt lat="50.628527" lon="3.071317">
        <ele>23</ele>
      </trkpt>
      <trkpt lat="50.629419" lon="3.077517">
        <ele>26.82</ele>
      </trkpt>
      <trkpt lat="50.62941" lon="3.077517">
        <ele>26.82</ele>
      </trkpt>
      <trkpt lat="50.62941000000001" lon="3.07751">
        <ele>29.57</ele>
      </trkpt>
      <trkpt lat="50.62950000000001" lon="3.0777300000000003">
        <ele>29.310000000000002</ele>
      </trkpt>
      <trkpt lat="50.629540000000006" lon="3.0777500000000004">
        <ele>29.32</ele>
      </trkpt>
      <trkpt lat="50.62955" lon="3.0777500000000004">
        <ele>29.330000000000002</ele>
      </trkpt>
      <trkpt lat="50.62971" lon="3.0777500000000004">
        <ele>29.78</ele>
      </trkpt>
      <trkpt lat="50.630487501914594" lon="3.077362519232372">
        <ele>28.96</ele>
      </trkpt>
      <trkpt lat="50.63126500254413" lon="3.0769750256480073">
        <ele>28.220000000000002</ele>
      </trkpt>
      <trkpt lat="50.632042501888556" lon="3.0765875192461514">
        <ele>27.82</ele>
      </trkpt>
      <trkpt lat="50.63282" lon="3.0762">
        <ele>27.770000000000003</ele>
      </trkpt>
      <trkpt lat="50.633140000000004" lon="3.0761000000000003">
        <ele>28.240000000000002</ele>
      </trkpt>
      <trkpt lat="50.63329" lon="3.07608">
        <ele>28.37</ele>
      </trkpt>
      <trkpt lat="50.63329" lon="3.076086">
        <ele>25.99</ele>
      </trkpt>
      <trkpt lat="50.633295" lon="3.076086">
        <ele>26</ele>
      </trkpt>
      <trkpt lat="50.633336" lon="3.0756">
        <ele>24.74</ele>
      </trkpt>
      <trkpt lat="50.633336" lon="3.0756">
        <ele>24.74</ele>
      </trkpt>
      <trkpt lat="50.63341" lon="3.074755">
        <ele>23</ele>
      </trkpt>
      <trkpt lat="50.633421" lon="3.074635">
        <ele>23</ele>
      </trkpt>
      <trkpt lat="50.633421" lon="3.074635">
        <ele>23</ele>
      </trkpt>
      <trkpt lat="50.633428" lon="3.074588">
        <ele>23</ele>
      </trkpt>
      <trkpt lat="50.633389" lon="3.074536">
        <ele>23</ele>
      </trkpt>
      <trkpt lat="50.633355" lon="3.074448">
        <ele>23</ele>
      </trkpt>
      <trkpt lat="50.633205" lon="3.073749">
        <ele>23</ele>
      </trkpt>
      <trkpt lat="50.633205" lon="3.073749">
        <ele>23</ele>
      </trkpt>
      <trkpt lat="50.632645" lon="3.071158">
        <ele>23</ele>
      </trkpt>
      <trkpt lat="50.632645" lon="3.071158">
        <ele>23</ele>
      </trkpt>
      <trkpt lat="50.632592" lon="3.070907">
        <ele>23</ele>
      </trkpt>
      <trkpt lat="50.632592" lon="3.070907">
        <ele>23</ele>
      </trkpt>
      <trkpt lat="50.632564" lon="3.070776">
        <ele>23</ele>
      </trkpt>
      <trkpt lat="50.632564" lon="3.070776">
        <ele>23</ele>
      </trkpt>
      <trkpt lat="50.632512" lon="3.070525">
        <ele>23</ele>
      </trkpt>
      <trkpt lat="50.632512" lon="3.070525">
        <ele>23</ele>
      </trkpt>
      <trkpt lat="50.632512" lon="3.070525">
        <ele>23</ele>
      </trkpt>
      <trkpt lat="50.632327" lon="3.069676">
        <ele>23</ele>
      </trkpt>
      <trkpt lat="50.632327" lon="3.069676">
        <ele>23</ele>
      </trkpt>
      <trkpt lat="50.632023" lon="3.068279">
        <ele>23</ele>
      </trkpt>
      <trkpt lat="50.632019" lon="3.068262">
        <ele>23</ele>
      </trkpt>
      <trkpt lat="50.632118" lon="3.068245">
        <ele>23</ele>
      </trkpt>
      <trkpt lat="50.632641" lon="3.068108">
        <ele>22.44</ele>
      </trkpt>
      <trkpt lat="50.63264" lon="3.0681000000000003">
        <ele>27.19</ele>
      </trkpt>
      <trkpt lat="50.63315500012678" lon="3.0680500005365112">
        <ele>27.01</ele>
      </trkpt>
      <trkpt lat="50.63367" lon="3.068">
        <ele>26.7</ele>
      </trkpt>
      <trkpt lat="50.63391000000001" lon="3.06794">
        <ele>26.53</ele>
      </trkpt>
      <trkpt lat="50.63443" lon="3.06775">
        <ele>25.67</ele>
      </trkpt>
      <trkpt lat="50.634710000000005" lon="3.0685700000000002">
        <ele>25.02</ele>
      </trkpt>
      <trkpt lat="50.6351" lon="3.0693900000000003">
        <ele>24.830000000000002</ele>
      </trkpt>
      <trkpt lat="50.635290000000005" lon="3.0697200000000002">
        <ele>24.98</ele>
      </trkpt>
      <trkpt lat="50.635690000000004" lon="3.0702900000000004">
        <ele>24.6</ele>
      </trkpt>
      <trkpt lat="50.635690000000004" lon="3.0703">
        <ele>24.6</ele>
      </trkpt>
      <trkpt lat="50.63595" lon="3.0698600000000003">
        <ele>24.17</ele>
      </trkpt>
      <trkpt lat="50.636210000000005" lon="3.0695200000000002">
        <ele>24.270000000000003</ele>
      </trkpt>
      <trkpt lat="50.63638" lon="3.06942">
        <ele>24.62</ele>
      </trkpt>
      <trkpt lat="50.636480000000006" lon="3.0693900000000003">
        <ele>24.62</ele>
      </trkpt>
      <trkpt lat="50.636610000000005" lon="3.0694000000000004">
        <ele>24.43</ele>
      </trkpt>
      <trkpt lat="50.63674251414865" lon="3.0683500089160662">
        <ele>24.16</ele>
      </trkpt>
      <trkpt lat="50.63687501886191" lon="3.0673000119117555">
        <ele>23.75</ele>
      </trkpt>
      <trkpt lat="50.6370075141397" lon="3.066250008987429">
        <ele>24.060000000000002</ele>
      </trkpt>
      <trkpt lat="50.63714" lon="3.0652000000000004">
        <ele>24.23</ele>
      </trkpt>
      <trkpt lat="50.63714" lon="3.0651900000000003">
        <ele>24.220000000000002</ele>
      </trkpt>
      <trkpt lat="50.637060000000005" lon="3.06497">
        <ele>24.150000000000002</ele>
      </trkpt>
      <trkpt lat="50.63669" lon="3.06416">
        <ele>24.19</ele>
      </trkpt>
      <trkpt lat="50.636750000000006" lon="3.0639200000000004">
        <ele>23.930000000000003</ele>
      </trkpt>
      <trkpt lat="50.63725" lon="3.0633500000000002">
        <ele>23.610000000000003</ele>
      </trkpt>
      <trkpt lat="50.637280000000004" lon="3.0632500000000005">
        <ele>23.64</ele>
      </trkpt>
      <trkpt lat="50.637280000000004" lon="3.0632400000000004">
        <ele>23.64</ele>
      </trkpt>
      <trkpt lat="50.637260000000005" lon="3.0631000000000004">
        <ele>23.64</ele>
      </trkpt>
      <trkpt lat="50.63681169048282" lon="3.062044949688275">
        <ele>23.07</ele>
      </trkpt>
      <trkpt lat="50.63636337143932" lon="3.060989919503052">
        <ele>22.930000000000003</ele>
      </trkpt>
      <trkpt lat="50.63591504286989" lon="3.0599349094440558">
        <ele>23.07</ele>
      </trkpt>
      <trkpt lat="50.63546670477483" lon="3.058879919511008">
        <ele>22.98</ele>
      </trkpt>
      <trkpt lat="50.6350183571545" lon="3.057824949703631">
        <ele>22.990000000000002</ele>
      </trkpt>
      <trkpt lat="50.634570000000004" lon="3.05677">
        <ele>23.51</ele>
      </trkpt>
      <trkpt lat="50.63468" lon="3.0565700000000002">
        <ele>23.46</ele>
      </trkpt>
      <trkpt lat="50.635204015317356" lon="3.0556240421847853">
        <ele>23.470000000000002</ele>
      </trkpt>
      <trkpt lat="50.635728022976224" lon="3.054678063277982">
        <ele>23.4</ele>
      </trkpt>
      <trkpt lat="50.63625202297626" lon="3.053732063279034">
        <ele>23.500000000000004</ele>
      </trkpt>
      <trkpt lat="50.63677601531715" lon="3.0527860421873867">
        <ele>23.46</ele>
      </trkpt>
      <trkpt lat="50.6373" lon="3.0518400000000003">
        <ele>23.790000000000003</ele>
      </trkpt>
      <trkpt lat="50.6373" lon="3.05184">
        <ele>20.05</ele>
      </trkpt>
      <trkpt lat="50.637307" lon="3.051849">
        <ele>20.06</ele>
      </trkpt>
      <trkpt lat="50.637356" lon="3.051754">
        <ele>20.56</ele>
      </trkpt>
      <trkpt lat="50.637399" lon="3.051637">
        <ele>20.98</ele>
      </trkpt>
      <trkpt lat="50.637397" lon="3.051636">
        <ele>20.96</ele>
      </trkpt>
      <trkpt lat="50.637397" lon="3.051636">
        <ele>20.96</ele>
      </trkpt>
      <trkpt lat="50.637399" lon="3.051637">
        <ele>20.98</ele>
      </trkpt>
      <trkpt lat="50.637242" lon="3.051483">
        <ele>20</ele>
      </trkpt>
      <trkpt lat="50.63587" lon="3.050085">
        <ele>19</ele>
      </trkpt>
      <trkpt lat="50.63587" lon="3.050085">
        <ele>19</ele>
      </trkpt>
      <trkpt lat="50.635721" lon="3.049931">
        <ele>19</ele>
      </trkpt>
      <trkpt lat="50.635721" lon="3.049931">
        <ele>19</ele>
      </trkpt>
      <trkpt lat="50.634835" lon="3.049013">
        <ele>19</ele>
      </trkpt>
      <trkpt lat="50.634509" lon="3.048694">
        <ele>19</ele>
      </trkpt>
      <trkpt lat="50.634509" lon="3.048694">
        <ele>19</ele>
      </trkpt>
      <trkpt lat="50.634475" lon="3.04866">
        <ele>19</ele>
      </trkpt>
      <trkpt lat="50.634578" lon="3.048452">
        <ele>19</ele>
      </trkpt>
      <trkpt lat="50.634578" lon="3.048452">
        <ele>19</ele>
      </trkpt>
      <trkpt lat="50.634912" lon="3.047798">
        <ele>19</ele>
      </trkpt>
      <trkpt lat="50.635412" lon="3.046862">
        <ele>19</ele>
      </trkpt>
      <trkpt lat="50.63565" lon="3.04643">
        <ele>20</ele>
      </trkpt>
      <trkpt lat="50.635713" lon="3.046341">
        <ele>20</ele>
      </trkpt>
      <trkpt lat="50.635713" lon="3.046341">
        <ele>20</ele>
      </trkpt>
      <trkpt lat="50.635713" lon="3.046341">
        <ele>20</ele>
      </trkpt>
      <trkpt lat="50.635776" lon="3.046255">
        <ele>20</ele>
      </trkpt>
      <trkpt lat="50.636252" lon="3.045344">
        <ele>20.89</ele>
      </trkpt>
      <trkpt lat="50.636254" lon="3.045347">
        <ele>20.89</ele>
      </trkpt>
      <trkpt lat="50.636203" lon="3.045276">
        <ele>20.99</ele>
      </trkpt>
      <trkpt lat="50.636424" lon="3.044852">
        <ele>20.13</ele>
      </trkpt>
      <trkpt lat="50.636462" lon="3.04476">
        <ele>20.53</ele>
      </trkpt>
      <trkpt lat="50.636465" lon="3.044672">
        <ele>20.58</ele>
      </trkpt>
      <trkpt lat="50.636434" lon="3.044371">
        <ele>20.09</ele>
      </trkpt>
      <trkpt lat="50.636221" lon="3.04319">
        <ele>20.32</ele>
      </trkpt>
      <trkpt lat="50.636221" lon="3.04319">
        <ele>20.32</ele>
      </trkpt>
      <trkpt lat="50.63614" lon="3.042762">
        <ele>20.51</ele>
      </trkpt>
      <trkpt lat="50.63614" lon="3.042762">
        <ele>20.51</ele>
      </trkpt>
      <trkpt lat="50.635834" lon="3.041343">
        <ele>21</ele>
      </trkpt>
      <trkpt lat="50.63583" lon="3.041344">
        <ele>21</ele>
      </trkpt>
      <trkpt lat="50.635830000000006" lon="3.0413400000000004">
        <ele>22.38</ele>
      </trkpt>
      <trkpt lat="50.63583" lon="3.041344">
        <ele>21</ele>
      </trkpt>
      <trkpt lat="50.635834" lon="3.041343">
        <ele>21</ele>
      </trkpt>
      <trkpt lat="50.635741" lon="3.040986">
        <ele>21.78</ele>
      </trkpt>
      <trkpt lat="50.635451" lon="3.04066">
        <ele>21.05</ele>
      </trkpt>
      <trkpt lat="50.635281" lon="3.040433">
        <ele>21.45</ele>
      </trkpt>
      <trkpt lat="50.634982" lon="3.040122">
        <ele>21.49</ele>
      </trkpt>
      <trkpt lat="50.634712" lon="3.039758">
        <ele>21.24</ele>
      </trkpt>
      <trkpt lat="50.633058" lon="3.037942">
        <ele>21</ele>
      </trkpt>
      <trkpt lat="50.632517" lon="3.037359">
        <ele>21</ele>
      </trkpt>
      <trkpt lat="50.632211" lon="3.037062">
        <ele>21</ele>
      </trkpt>
      <trkpt lat="50.631821" lon="3.036618">
        <ele>21</ele>
      </trkpt>
      <trkpt lat="50.631283" lon="3.036043">
        <ele>21</ele>
      </trkpt>
      <trkpt lat="50.631244" lon="3.036006">
        <ele>21</ele>
      </trkpt>
      <trkpt lat="50.631244" lon="3.036006">
        <ele>21</ele>
      </trkpt>
      <trkpt lat="50.631244" lon="3.036006">
        <ele>21</ele>
      </trkpt>
      <trkpt lat="50.630985" lon="3.035763">
        <ele>21</ele>
      </trkpt>
      <trkpt lat="50.630484" lon="3.035216">
        <ele>21.07</ele>
      </trkpt>
      <trkpt lat="50.630405" lon="3.035111">
        <ele>21.01</ele>
      </trkpt>
      <trkpt lat="50.630398" lon="3.035103">
        <ele>21</ele>
      </trkpt>
      <trkpt lat="50.630301" lon="3.035245">
        <ele>21</ele>
      </trkpt>
      <trkpt lat="50.630153" lon="3.035421">
        <ele>20.97</ele>
      </trkpt>
      <trkpt lat="50.629912" lon="3.035685">
        <ele>20.21</ele>
      </trkpt>
      <trkpt lat="50.629292" lon="3.036443">
        <ele>20.66</ele>
      </trkpt>
      <trkpt lat="50.628178" lon="3.037838">
        <ele>20.53</ele>
      </trkpt>
      <trkpt lat="50.627429" lon="3.038769">
        <ele>20</ele>
      </trkpt>
      <trkpt lat="50.627097" lon="3.039163">
        <ele>20</ele>
      </trkpt>
      <trkpt lat="50.626583" lon="3.039811">
        <ele>20</ele>
      </trkpt>
      <trkpt lat="50.626586" lon="3.040222">
        <ele>20</ele>
      </trkpt>
      <trkpt lat="50.626586" lon="3.040222">
        <ele>20</ele>
      </trkpt>
      <trkpt lat="50.626586" lon="3.040222">
        <ele>20</ele>
      </trkpt>
      <trkpt lat="50.626589" lon="3.040569">
        <ele>20</ele>
      </trkpt>
      <trkpt lat="50.626691" lon="3.040709">
        <ele>20</ele>
      </trkpt>
      <trkpt lat="50.627836" lon="3.041857">
        <ele>20</ele>
      </trkpt>
      <trkpt lat="50.627772" lon="3.04194">
        <ele>20</ele>
      </trkpt>
      <trkpt lat="50.627723" lon="3.042005">
        <ele>20</ele>
      </trkpt>
      <trkpt lat="50.62776" lon="3.042271">
        <ele>20</ele>
      </trkpt>
      <trkpt lat="50.627815" lon="3.042402">
        <ele>20</ele>
      </trkpt>
      <trkpt lat="50.627852" lon="3.042443">
        <ele>20</ele>
      </trkpt>
      <trkpt lat="50.627852" lon="3.042443">
        <ele>20</ele>
      </trkpt>
      <trkpt lat="50.627852" lon="3.042443">
        <ele>20</ele>
      </trkpt>
      <trkpt lat="50.628193" lon="3.042793">
        <ele>20</ele>
      </trkpt>
      <trkpt lat="50.628193" lon="3.042793">
        <ele>20</ele>
      </trkpt>
      <trkpt lat="50.628563" lon="3.043171">
        <ele>20</ele>
      </trkpt>
      <trkpt lat="50.628839" lon="3.043454">
        <ele>20</ele>
      </trkpt>
      <trkpt lat="50.628898" lon="3.043523">
        <ele>20</ele>
      </trkpt>
      <trkpt lat="50.628951" lon="3.043619">
        <ele>20</ele>
      </trkpt>
      <trkpt lat="50.62895" lon="3.04362">
        <ele>23.14</ele>
      </trkpt>
      <trkpt lat="50.628951" lon="3.043619">
        <ele>20</ele>
      </trkpt>
      <trkpt lat="50.628953" lon="3.043623">
        <ele>20</ele>
      </trkpt>
      <trkpt lat="50.629042" lon="3.043481">
        <ele>20</ele>
      </trkpt>
      <trkpt lat="50.629042" lon="3.043481">
        <ele>20</ele>
      </trkpt>
      <trkpt lat="50.629105" lon="3.043377">
        <ele>20</ele>
      </trkpt>
      <trkpt lat="50.629136" lon="3.043324">
        <ele>20</ele>
      </trkpt>
      <trkpt lat="50.629582" lon="3.043781">
        <ele>19.63</ele>
      </trkpt>
      <trkpt lat="50.629582" lon="3.043781">
        <ele>19.63</ele>
      </trkpt>
      <trkpt lat="50.63021" lon="3.044421">
        <ele>19</ele>
      </trkpt>
      <trkpt lat="50.63021" lon="3.044421">
        <ele>19</ele>
      </trkpt>
      <trkpt lat="50.630598" lon="3.044817">
        <ele>19</ele>
      </trkpt>
      <trkpt lat="50.630598" lon="3.044817">
        <ele>19</ele>
      </trkpt>
      <trkpt lat="50.631509" lon="3.045746">
        <ele>19</ele>
      </trkpt>
      <trkpt lat="50.631509" lon="3.045746">
        <ele>19</ele>
      </trkpt>
      <trkpt lat="50.631632" lon="3.045871">
        <ele>19</ele>
      </trkpt>
      <trkpt lat="50.631632" lon="3.045871">
        <ele>19</ele>
      </trkpt>
      <trkpt lat="50.631632" lon="3.045871">
        <ele>19</ele>
      </trkpt>
      <trkpt lat="50.632128" lon="3.046384">
        <ele>19</ele>
      </trkpt>
      <trkpt lat="50.632656" lon="3.046927">
        <ele>19</ele>
      </trkpt>
      <trkpt lat="50.632656" lon="3.046927">
        <ele>19</ele>
      </trkpt>
      <trkpt lat="50.632656" lon="3.046927">
        <ele>19</ele>
      </trkpt>
      <trkpt lat="50.633203" lon="3.047476">
        <ele>19</ele>
      </trkpt>
      <trkpt lat="50.63319" lon="3.047492">
        <ele>19</ele>
      </trkpt>
      <trkpt lat="50.633203" lon="3.047476">
        <ele>19</ele>
      </trkpt>
      <trkpt lat="50.633603" lon="3.047895">
        <ele>19</ele>
      </trkpt>
      <trkpt lat="50.633603" lon="3.047895">
        <ele>19</ele>
      </trkpt>
      <trkpt lat="50.633603" lon="3.047895">
        <ele>19</ele>
      </trkpt>
      <trkpt lat="50.63403" lon="3.048332">
        <ele>19</ele>
      </trkpt>
      <trkpt lat="50.634431" lon="3.048737">
        <ele>19</ele>
      </trkpt>
      <trkpt lat="50.63443" lon="3.0487400000000004">
        <ele>22.35</ele>
      </trkpt>
      <trkpt lat="50.634431" lon="3.048737">
        <ele>19</ele>
      </trkpt>
      <trkpt lat="50.634435" lon="3.048742">
        <ele>19</ele>
      </trkpt>
      <trkpt lat="50.6344" lon="3.048811">
        <ele>19.1</ele>
      </trkpt>
      <trkpt lat="50.63395" lon="3.049656">
        <ele>19.09</ele>
      </trkpt>
      <trkpt lat="50.63395" lon="3.049656">
        <ele>19.09</ele>
      </trkpt>
      <trkpt lat="50.633826" lon="3.049888">
        <ele>19.07</ele>
      </trkpt>
      <trkpt lat="50.633826" lon="3.049888">
        <ele>19.07</ele>
      </trkpt>
      <trkpt lat="50.633826" lon="3.049888">
        <ele>19.07</ele>
      </trkpt>
      <trkpt lat="50.633603" lon="3.050305">
        <ele>19.06</ele>
      </trkpt>
      <trkpt lat="50.633537" lon="3.050428">
        <ele>19</ele>
      </trkpt>
      <trkpt lat="50.633534" lon="3.050424">
        <ele>19</ele>
      </trkpt>
      <trkpt lat="50.633534" lon="3.050424">
        <ele>19</ele>
      </trkpt>
      <trkpt lat="50.633534" lon="3.050424">
        <ele>19</ele>
      </trkpt>
      <trkpt lat="50.633537" lon="3.050428">
        <ele>19</ele>
      </trkpt>
      <trkpt lat="50.633467" lon="3.050561">
        <ele>19</ele>
      </trkpt>
      <trkpt lat="50.633153" lon="3.051155">
        <ele>19</ele>
      </trkpt>
      <trkpt lat="50.633153" lon="3.051155">
        <ele>19</ele>
      </trkpt>
      <trkpt lat="50.633153" lon="3.051155">
        <ele>19</ele>
      </trkpt>
      <trkpt lat="50.632647" lon="3.052107">
        <ele>20</ele>
      </trkpt>
      <trkpt lat="50.632209" lon="3.05294">
        <ele>20</ele>
      </trkpt>
      <trkpt lat="50.632209" lon="3.05294">
        <ele>20</ele>
      </trkpt>
      <trkpt lat="50.632209" lon="3.05294">
        <ele>20</ele>
      </trkpt>
      <trkpt lat="50.631876" lon="3.053576">
        <ele>20</ele>
      </trkpt>
      <trkpt lat="50.631533" lon="3.054225">
        <ele>20</ele>
      </trkpt>
      <trkpt lat="50.631533" lon="3.054225">
        <ele>20</ele>
      </trkpt>
      <trkpt lat="50.631262" lon="3.054742">
        <ele>20</ele>
      </trkpt>
      <trkpt lat="50.631262" lon="3.054742">
        <ele>20</ele>
      </trkpt>
      <trkpt lat="50.631262" lon="3.054742">
        <ele>20</ele>
      </trkpt>
      <trkpt lat="50.631034" lon="3.055172">
        <ele>20.18</ele>
      </trkpt>
      <trkpt lat="50.630649" lon="3.055896">
        <ele>20.92</ele>
      </trkpt>
      <trkpt lat="50.630649" lon="3.055896">
        <ele>20.92</ele>
      </trkpt>
      <trkpt lat="50.630649" lon="3.055896">
        <ele>20.92</ele>
      </trkpt>
      <trkpt lat="50.630385" lon="3.056396">
        <ele>21</ele>
      </trkpt>
      <trkpt lat="50.630385" lon="3.056396">
        <ele>21</ele>
      </trkpt>
      <trkpt lat="50.630303" lon="3.056553">
        <ele>21</ele>
      </trkpt>
      <trkpt lat="50.630201" lon="3.056771">
        <ele>21</ele>
      </trkpt>
      <trkpt lat="50.630011" lon="3.057127">
        <ele>21.04</ele>
      </trkpt>
      <trkpt lat="50.630011" lon="3.057127">
        <ele>21.04</ele>
      </trkpt>
      <trkpt lat="50.629662" lon="3.057785">
        <ele>21.27</ele>
      </trkpt>
      <trkpt lat="50.629662" lon="3.057786">
        <ele>21.27</ele>
      </trkpt>
      <trkpt lat="50.629662" lon="3.057785">
        <ele>21.27</ele>
      </trkpt>
      <trkpt lat="50.62938" lon="3.05831">
        <ele>22</ele>
      </trkpt>
      <trkpt lat="50.629382" lon="3.058313">
        <ele>22</ele>
      </trkpt>
      <trkpt lat="50.62938" lon="3.05831">
        <ele>22</ele>
      </trkpt>
      <trkpt lat="50.629158" lon="3.058732">
        <ele>21.29</ele>
      </trkpt>
      <trkpt lat="50.629158" lon="3.058732">
        <ele>21.29</ele>
      </trkpt>
      <trkpt lat="50.629038" lon="3.058962">
        <ele>21.01</ele>
      </trkpt>
      <trkpt lat="50.629038" lon="3.058962">
        <ele>21.01</ele>
      </trkpt>
      <trkpt lat="50.629026" lon="3.058985">
        <ele>21.02</ele>
      </trkpt>
      <trkpt lat="50.629001" lon="3.058952">
        <ele>21.16</ele>
      </trkpt>
      <trkpt lat="50.629001" lon="3.058952">
        <ele>21.16</ele>
      </trkpt>
      <trkpt lat="50.628745" lon="3.058616">
        <ele>21.35</ele>
      </trkpt>
      <trkpt lat="50.628745" lon="3.058616">
        <ele>21.35</ele>
      </trkpt>
      <trkpt lat="50.628745" lon="3.058616">
        <ele>21.35</ele>
      </trkpt>
      <trkpt lat="50.628481" lon="3.05827">
        <ele>21.22</ele>
      </trkpt>
      <trkpt lat="50.628449" lon="3.058237">
        <ele>21</ele>
      </trkpt>
      <trkpt lat="50.626267" lon="3.056458">
        <ele>22</ele>
      </trkpt>
      <trkpt lat="50.623408" lon="3.054148">
        <ele>23</ele>
      </trkpt>
      <trkpt lat="50.62326" lon="3.053968">
        <ele>23.62</ele>
      </trkpt>
      <trkpt lat="50.623215" lon="3.053861">
        <ele>24</ele>
      </trkpt>
      <trkpt lat="50.6232" lon="3.053767">
        <ele>23.78</ele>
      </trkpt>
      <trkpt lat="50.623186" lon="3.05373">
        <ele>23.66</ele>
      </trkpt>
      <trkpt lat="50.623133" lon="3.05366">
        <ele>23.81</ele>
      </trkpt>
      <trkpt lat="50.623069" lon="3.053634">
        <ele>24.04</ele>
      </trkpt>
      <trkpt lat="50.623015" lon="3.053647">
        <ele>24</ele>
      </trkpt>
      <trkpt lat="50.62299" lon="3.053665">
        <ele>24</ele>
      </trkpt>
      <trkpt lat="50.622918" lon="3.053666">
        <ele>24</ele>
      </trkpt>
      <trkpt lat="50.622872" lon="3.053651">
        <ele>24</ele>
      </trkpt>
      <trkpt lat="50.622653" lon="3.053538">
        <ele>24</ele>
      </trkpt>
      <trkpt lat="50.62052" lon="3.05181">
        <ele>26</ele>
      </trkpt>
      <trkpt lat="50.620162" lon="3.052439">
        <ele>26.06</ele>
      </trkpt>
      <trkpt lat="50.620162" lon="3.052439">
        <ele>26.06</ele>
      </trkpt>
      <trkpt lat="50.620162" lon="3.052439">
        <ele>26.06</ele>
      </trkpt>
      <trkpt lat="50.619921" lon="3.052864">
        <ele>26.11</ele>
      </trkpt>
      <trkpt lat="50.619616" lon="3.053376">
        <ele>26</ele>
      </trkpt>
      <trkpt lat="50.619535" lon="3.053472">
        <ele>26.01</ele>
      </trkpt>
      <trkpt lat="50.619481" lon="3.05352">
        <ele>26</ele>
      </trkpt>
      <trkpt lat="50.619548" lon="3.053726">
        <ele>26.28</ele>
      </trkpt>
      <trkpt lat="50.619972" lon="3.054989">
        <ele>25.67</ele>
      </trkpt>
      <trkpt lat="50.619972" lon="3.054989">
        <ele>25.67</ele>
      </trkpt>
      <trkpt lat="50.619972" lon="3.054989">
        <ele>25.67</ele>
      </trkpt>
      <trkpt lat="50.620433" lon="3.056351">
        <ele>25</ele>
      </trkpt>
      <trkpt lat="50.620946" lon="3.057883">
        <ele>26.04</ele>
      </trkpt>
      <trkpt lat="50.620946" lon="3.057883">
        <ele>26.04</ele>
      </trkpt>
      <trkpt lat="50.622085" lon="3.061241">
        <ele>26.5</ele>
      </trkpt>
      <trkpt lat="50.622971" lon="3.063879">
        <ele>25.33</ele>
      </trkpt>
      <trkpt lat="50.6233" lon="3.064864">
        <ele>25</ele>
      </trkpt>
      <trkpt lat="50.6233" lon="3.064864">
        <ele>25</ele>
      </trkpt>
      <trkpt lat="50.623786" lon="3.066312">
        <ele>24</ele>
      </trkpt>
      <trkpt lat="50.623786" lon="3.066312">
        <ele>24</ele>
      </trkpt>
      <trkpt lat="50.62432" lon="3.067919">
        <ele>24</ele>
      </trkpt>
      <trkpt lat="50.624253" lon="3.067982">
        <ele>24</ele>
      </trkpt>
      <trkpt lat="50.624142" lon="3.068206">
        <ele>24</ele>
      </trkpt>
      <trkpt lat="50.624139" lon="3.068204">
        <ele>24</ele>
      </trkpt>
      <trkpt lat="50.624140000000004" lon="3.0682">
        <ele>26.560000000000002</ele>
      </trkpt>
      <trkpt lat="50.62338000064221" lon="3.0677899933319797">
        <ele>26.47</ele>
      </trkpt>
      <trkpt lat="50.622620000000005" lon="3.0673800000000004">
        <ele>26.97</ele>
      </trkpt>
      <trkpt lat="50.62247000000001" lon="3.0672800000000002">
        <ele>26.97</ele>
      </trkpt>
      <trkpt lat="50.62200000069954" lon="3.066899996268078">
        <ele>27.160000000000004</ele>
      </trkpt>
      <trkpt lat="50.62153000000001" lon="3.06652">
        <ele>27.560000000000002</ele>
      </trkpt>
      <trkpt lat="50.62096666884481" lon="3.066019988055399">
        <ele>27.790000000000003</ele>
      </trkpt>
      <trkpt lat="50.62040333554974" lon="3.06551998808955">
        <ele>28.76</ele>
      </trkpt>
      <trkpt lat="50.61984" lon="3.06502">
        <ele>29</ele>
      </trkpt>
      <trkpt lat="50.619580000000006" lon="3.0648000000000004">
        <ele>29.23</ele>
      </trkpt>
      <trkpt lat="50.61917000049669" lon="3.0644749972021588">
        <ele>29.400000000000002</ele>
      </trkpt>
      <trkpt lat="50.61876" lon="3.06415">
        <ele>29.880000000000003</ele>
      </trkpt>
      <trkpt lat="50.61844000000001" lon="3.06394">
        <ele>30.01</ele>
      </trkpt>
      <trkpt lat="50.617900000000006" lon="3.0636400000000004">
        <ele>30.18</ele>
      </trkpt>
      <trkpt lat="50.617899" lon="3.063644">
        <ele>28</ele>
      </trkpt>
      <trkpt lat="50.617766" lon="3.063576">
        <ele>28</ele>
      </trkpt>
      <trkpt lat="50.617537" lon="3.063513">
        <ele>28.06</ele>
      </trkpt>
      <trkpt lat="50.617538" lon="3.063523">
        <ele>28.06</ele>
      </trkpt>
      <trkpt lat="50.617538" lon="3.063523">
        <ele>28.06</ele>
      </trkpt>
      <trkpt lat="50.617537" lon="3.063513">
        <ele>28.06</ele>
      </trkpt>
      <trkpt lat="50.617475" lon="3.063482">
        <ele>28.63</ele>
      </trkpt>
      <trkpt lat="50.617316" lon="3.063387">
        <ele>29</ele>
      </trkpt>
      <trkpt lat="50.617316" lon="3.063387">
        <ele>29</ele>
      </trkpt>
      <trkpt lat="50.617316" lon="3.063387">
        <ele>29</ele>
      </trkpt>
      <trkpt lat="50.617237" lon="3.063338">
        <ele>29</ele>
      </trkpt>
      <trkpt lat="50.616715" lon="3.063072">
        <ele>31</ele>
      </trkpt>
      <trkpt lat="50.616693" lon="3.063087">
        <ele>31</ele>
      </trkpt>
      <trkpt lat="50.616522" lon="3.063003">
        <ele>29.54</ele>
      </trkpt>
      <trkpt lat="50.616522" lon="3.063003">
        <ele>29.057984782080606</ele>
      </trkpt>
      <trkpt lat="50.61614454112046" lon="3.0627914894191974">
        <ele>32.11587523282219</ele>
      </trkpt>
      <trkpt lat="50.61614454112046" lon="3.0627914894191974">
        <ele>32.11587523282219</ele>
      </trkpt>
      <trkpt lat="50.61600675224969" lon="3.062739451879253">
        <ele>33.18157076931654</ele>
      </trkpt>
      <trkpt lat="50.6155574554052" lon="3.0627109692880663">
        <ele>30.861447418243646</ele>
      </trkpt>
      <trkpt lat="50.615274" lon="3.062693">
        <ele>32.86357010858762</ele>
      </trkpt>
      <trkpt lat="50.615274" lon="3.062693">
        <ele>32.46</ele>
      </trkpt>
      <trkpt lat="50.615274" lon="3.062693">
        <ele>32.46</ele>
      </trkpt>
      <trkpt lat="50.614155" lon="3.062662">
        <ele>31.11</ele>
      </trkpt>
      <trkpt lat="50.614155" lon="3.062662">
        <ele>31.11</ele>
      </trkpt>
      <trkpt lat="50.613892" lon="3.062655">
        <ele>30.32</ele>
      </trkpt>
      <trkpt lat="50.613892" lon="3.062655">
        <ele>30.32</ele>
      </trkpt>
      <trkpt lat="50.613768" lon="3.062643">
        <ele>30</ele>
      </trkpt>
      <trkpt lat="50.613768" lon="3.062643">
        <ele>30</ele>
      </trkpt>
      <trkpt lat="50.613691" lon="3.062634">
        <ele>30</ele>
      </trkpt>
      <trkpt lat="50.613596" lon="3.062595">
        <ele>30</ele>
      </trkpt>
      <trkpt lat="50.613198" lon="3.062389">
        <ele>30</ele>
      </trkpt>
      <trkpt lat="50.611481" lon="3.061454">
        <ele>31.88</ele>
      </trkpt>
      <trkpt lat="50.610001" lon="3.060654">
        <ele>33.22</ele>
      </trkpt>
      <trkpt lat="50.609789" lon="3.060505">
        <ele>34</ele>
      </trkpt>
      <trkpt lat="50.608332" lon="3.059735">
        <ele>34</ele>
      </trkpt>
      <trkpt lat="50.606489" lon="3.058725">
        <ele>36</ele>
      </trkpt>
      <trkpt lat="50.60649" lon="3.05872">
        <ele>36.67</ele>
      </trkpt>
      <trkpt lat="50.606489" lon="3.058725">
        <ele>36</ele>
      </trkpt>
      <trkpt lat="50.606183" lon="3.058529">
        <ele>36</ele>
      </trkpt>
      <trkpt lat="50.605941" lon="3.058344">
        <ele>36.76</ele>
      </trkpt>
      <trkpt lat="50.605277" lon="3.057803">
        <ele>37.45</ele>
      </trkpt>
      <trkpt lat="50.602756" lon="3.055739">
        <ele>40.39</ele>
      </trkpt>
      <trkpt lat="50.601916" lon="3.055081">
        <ele>41</ele>
      </trkpt>
      <trkpt lat="50.601637" lon="3.054922">
        <ele>41</ele>
      </trkpt>
      <trkpt lat="50.601362" lon="3.054711">
        <ele>41</ele>
      </trkpt>
      <trkpt lat="50.601362" lon="3.054711">
        <ele>41</ele>
      </trkpt>
      <trkpt lat="50.601009" lon="3.054434">
        <ele>42</ele>
      </trkpt>
      <trkpt lat="50.600827" lon="3.054257">
        <ele>42</ele>
      </trkpt>
      <trkpt lat="50.59956" lon="3.05329">
        <ele>44.05</ele>
      </trkpt>
      <trkpt lat="50.599560000000004" lon="3.05329">
        <ele>45.03</ele>
      </trkpt>
      <trkpt lat="50.59956" lon="3.05329">
        <ele>44.05</ele>
      </trkpt>
      <trkpt lat="50.599576" lon="3.053304">
        <ele>44</ele>
      </trkpt>
      <trkpt lat="50.599606" lon="3.053208">
        <ele>44</ele>
      </trkpt>
      <trkpt lat="50.600045" lon="3.051803">
        <ele>44</ele>
      </trkpt>
      <trkpt lat="50.60004" lon="3.051801">
        <ele>44.02</ele>
      </trkpt>
      <trkpt lat="50.60004000000001" lon="3.0518">
        <ele>44.47</ele>
      </trkpt>
      <trkpt lat="50.60018" lon="3.05107">
        <ele>44.43000000000001</ele>
      </trkpt>
      <trkpt lat="50.60027" lon="3.0503400000000003">
        <ele>44.54</ele>
      </trkpt>
      <trkpt lat="50.60031000000001" lon="3.0494100000000004">
        <ele>44.74</ele>
      </trkpt>
      <trkpt lat="50.60036500212436" lon="3.0487050008624927">
        <ele>44.9</ele>
      </trkpt>
      <trkpt lat="50.60042000000001" lon="3.048">
        <ele>44.75000000000001</ele>
      </trkpt>
      <trkpt lat="50.60043" lon="3.0471600000000003">
        <ele>43.78000000000001</ele>
      </trkpt>
      <trkpt lat="50.600460000000005" lon="3.0468200000000003">
        <ele>43.78000000000001</ele>
      </trkpt>
      <trkpt lat="50.60054" lon="3.0463600000000004">
        <ele>43.45</ele>
      </trkpt>
      <trkpt lat="50.60074000175742" lon="3.0457050030419417">
        <ele>43.04</ele>
      </trkpt>
      <trkpt lat="50.60094" lon="3.0450500000000003">
        <ele>42.36</ele>
      </trkpt>
      <trkpt lat="50.60128" lon="3.04382">
        <ele>41.45</ele>
      </trkpt>
      <trkpt lat="50.601445003406084" lon="3.042930003035467">
        <ele>40.67</ele>
      </trkpt>
      <trkpt lat="50.60161" lon="3.04204">
        <ele>40.370000000000005</ele>
      </trkpt>
      <trkpt lat="50.601619" lon="3.042043">
        <ele>40</ele>
      </trkpt>
      <trkpt lat="50.601657" lon="3.041622">
        <ele>40.07</ele>
      </trkpt>
      <trkpt lat="50.601666" lon="3.041312">
        <ele>40</ele>
      </trkpt>
      <trkpt lat="50.601653" lon="3.040824">
        <ele>40</ele>
      </trkpt>
      <trkpt lat="50.601669" lon="3.040509">
        <ele>40</ele>
      </trkpt>
      <trkpt lat="50.601792" lon="3.039477">
        <ele>40</ele>
      </trkpt>
      <trkpt lat="50.601792" lon="3.039477">
        <ele>40</ele>
      </trkpt>
      <trkpt lat="50.602167" lon="3.036503">
        <ele>40.68</ele>
      </trkpt>
      <trkpt lat="50.602271" lon="3.035624">
        <ele>40.98</ele>
      </trkpt>
      <trkpt lat="50.602312" lon="3.034989">
        <ele>40.45</ele>
      </trkpt>
      <trkpt lat="50.602335" lon="3.034394">
        <ele>40.3</ele>
      </trkpt>
      <trkpt lat="50.602567" lon="3.032505">
        <ele>38.41</ele>
      </trkpt>
      <trkpt lat="50.602626" lon="3.032156">
        <ele>38.12</ele>
      </trkpt>
      <trkpt lat="50.602626" lon="3.032156">
        <ele>38.12</ele>
      </trkpt>
      <trkpt lat="50.602694" lon="3.031868">
        <ele>37.51</ele>
      </trkpt>
      <trkpt lat="50.602776" lon="3.0316">
        <ele>37.34</ele>
      </trkpt>
      <trkpt lat="50.603595" lon="3.029408">
        <ele>35</ele>
      </trkpt>
      <trkpt lat="50.603804" lon="3.028761">
        <ele>34</ele>
      </trkpt>
      <trkpt lat="50.603825" lon="3.028695">
        <ele>34</ele>
      </trkpt>
      <trkpt lat="50.603907" lon="3.028283">
        <ele>33.97</ele>
      </trkpt>
      <trkpt lat="50.603921" lon="3.028125">
        <ele>33.53</ele>
      </trkpt>
      <trkpt lat="50.603907" lon="3.02808">
        <ele>33.36</ele>
      </trkpt>
      <trkpt lat="50.603907" lon="3.02808">
        <ele>33.36</ele>
      </trkpt>
      <trkpt lat="50.603907" lon="3.02808">
        <ele>33.36</ele>
      </trkpt>
      <trkpt lat="50.603897" lon="3.028051">
        <ele>33.24</ele>
      </trkpt>
      <trkpt lat="50.603891" lon="3.027968">
        <ele>33.08</ele>
      </trkpt>
      <trkpt lat="50.603821" lon="3.027812">
        <ele>33.6</ele>
      </trkpt>
      <trkpt lat="50.603717" lon="3.02763">
        <ele>33.75</ele>
      </trkpt>
      <trkpt lat="50.603685" lon="3.027588">
        <ele>33.84</ele>
      </trkpt>
      <trkpt lat="50.603548" lon="3.027412">
        <ele>34.23</ele>
      </trkpt>
      <trkpt lat="50.603471" lon="3.02729">
        <ele>34.81</ele>
      </trkpt>
      <trkpt lat="50.603471" lon="3.02729">
        <ele>34.81</ele>
      </trkpt>
      <trkpt lat="50.603471" lon="3.02729">
        <ele>34.81</ele>
      </trkpt>
      <trkpt lat="50.603409" lon="3.027169">
        <ele>35</ele>
      </trkpt>
      <trkpt lat="50.60209" lon="3.025484">
        <ele>39.88</ele>
      </trkpt>
      <trkpt lat="50.60116" lon="3.024248">
        <ele>40.47</ele>
      </trkpt>
      <trkpt lat="50.60116" lon="3.024248">
        <ele>40.47</ele>
      </trkpt>
      <trkpt lat="50.600602" lon="3.023502">
        <ele>41</ele>
      </trkpt>
      <trkpt lat="50.600476" lon="3.023358">
        <ele>41</ele>
      </trkpt>
      <trkpt lat="50.600221" lon="3.023096">
        <ele>41.29</ele>
      </trkpt>
      <trkpt lat="50.600062" lon="3.022913">
        <ele>41</ele>
      </trkpt>
      <trkpt lat="50.599929" lon="3.022792">
        <ele>41.38</ele>
      </trkpt>
      <trkpt lat="50.599836" lon="3.022651">
        <ele>42.24</ele>
      </trkpt>
      <trkpt lat="50.599779" lon="3.022536">
        <ele>40.45</ele>
      </trkpt>
      <trkpt lat="50.599779" lon="3.022536">
        <ele>40.45</ele>
      </trkpt>
      <trkpt lat="50.599779" lon="3.022536">
        <ele>40.45</ele>
      </trkpt>
      <trkpt lat="50.599695" lon="3.022353">
        <ele>35.72</ele>
      </trkpt>
      <trkpt lat="50.599353" lon="3.021796">
        <ele>37.19</ele>
      </trkpt>
      <trkpt lat="50.599206" lon="3.021511">
        <ele>37.6</ele>
      </trkpt>
      <trkpt lat="50.599106" lon="3.021276">
        <ele>36.08</ele>
      </trkpt>
      <trkpt lat="50.599022" lon="3.021026">
        <ele>32.68</ele>
      </trkpt>
      <trkpt lat="50.599022" lon="3.021026">
        <ele>32.68</ele>
      </trkpt>
      <trkpt lat="50.598992" lon="3.020931">
        <ele>31.41</ele>
      </trkpt>
      <trkpt lat="50.598903" lon="3.020577">
        <ele>26</ele>
      </trkpt>
      <trkpt lat="50.598843" lon="3.020223">
        <ele>26</ele>
      </trkpt>
      <trkpt lat="50.59882" lon="3.020009">
        <ele>25.71</ele>
      </trkpt>
      <trkpt lat="50.598804" lon="3.019777">
        <ele>25.31</ele>
      </trkpt>
      <trkpt lat="50.598797" lon="3.019555">
        <ele>25.5</ele>
      </trkpt>
      <trkpt lat="50.598805" lon="3.019225">
        <ele>26.03</ele>
      </trkpt>
      <trkpt lat="50.598845" lon="3.018812">
        <ele>27.56</ele>
      </trkpt>
      <trkpt lat="50.598893" lon="3.018521">
        <ele>26.4</ele>
      </trkpt>
      <trkpt lat="50.598893" lon="3.018521">
        <ele>26.4</ele>
      </trkpt>
      <trkpt lat="50.59897" lon="3.018186">
        <ele>25.02</ele>
      </trkpt>
      <trkpt lat="50.599077" lon="3.017847">
        <ele>25.68</ele>
      </trkpt>
      <trkpt lat="50.599361" lon="3.017132">
        <ele>30.04</ele>
      </trkpt>
      <trkpt lat="50.599486" lon="3.016818">
        <ele>27.46</ele>
      </trkpt>
      <trkpt lat="50.59975" lon="3.016154">
        <ele>33.88</ele>
      </trkpt>
      <trkpt lat="50.600595" lon="3.014043">
        <ele>30.04</ele>
      </trkpt>
      <trkpt lat="50.600713" lon="3.013724">
        <ele>29.63</ele>
      </trkpt>
      <trkpt lat="50.600804" lon="3.013399">
        <ele>28.38</ele>
      </trkpt>
      <trkpt lat="50.600869" lon="3.013063">
        <ele>29.7</ele>
      </trkpt>
      <trkpt lat="50.600913" lon="3.012705">
        <ele>34.44</ele>
      </trkpt>
      <trkpt lat="50.600932" lon="3.012343">
        <ele>37.94</ele>
      </trkpt>
      <trkpt lat="50.600911" lon="3.012035">
        <ele>41.21</ele>
      </trkpt>
      <trkpt lat="50.600883" lon="3.01182">
        <ele>42</ele>
      </trkpt>
      <trkpt lat="50.600761" lon="3.011207">
        <ele>37.3</ele>
      </trkpt>
      <trkpt lat="50.600666" lon="3.010813">
        <ele>33.74</ele>
      </trkpt>
      <trkpt lat="50.600666" lon="3.010813">
        <ele>33.74</ele>
      </trkpt>
      <trkpt lat="50.600602" lon="3.010627">
        <ele>32</ele>
      </trkpt>
      <trkpt lat="50.600556" lon="3.01054">
        <ele>32</ele>
      </trkpt>
      <trkpt lat="50.600437" lon="3.010353">
        <ele>31.24</ele>
      </trkpt>
      <trkpt lat="50.600437" lon="3.010353">
        <ele>31.24</ele>
      </trkpt>
      <trkpt lat="50.600404" lon="3.010302">
        <ele>31.03</ele>
      </trkpt>
      <trkpt lat="50.600346" lon="3.010166">
        <ele>31.01</ele>
      </trkpt>
      <trkpt lat="50.600346" lon="3.010166">
        <ele>31.01</ele>
      </trkpt>
      <trkpt lat="50.600316" lon="3.010097">
        <ele>31</ele>
      </trkpt>
      <trkpt lat="50.600057" lon="3.009703">
        <ele>30</ele>
      </trkpt>
      <trkpt lat="50.599722" lon="3.009279">
        <ele>29.66</ele>
      </trkpt>
      <trkpt lat="50.599554" lon="3.009017">
        <ele>29</ele>
      </trkpt>
      <trkpt lat="50.599481" lon="3.008883">
        <ele>29</ele>
      </trkpt>
      <trkpt lat="50.599371" lon="3.008644">
        <ele>29</ele>
      </trkpt>
      <trkpt lat="50.599298" lon="3.008456">
        <ele>29</ele>
      </trkpt>
      <trkpt lat="50.599201" lon="3.008147">
        <ele>28.52</ele>
      </trkpt>
      <trkpt lat="50.59915" lon="3.007956">
        <ele>28.52</ele>
      </trkpt>
      <trkpt lat="50.59911" lon="3.007746">
        <ele>28.09</ele>
      </trkpt>
      <trkpt lat="50.599045" lon="3.007294">
        <ele>28</ele>
      </trkpt>
      <trkpt lat="50.599036" lon="3.007125">
        <ele>27.76</ele>
      </trkpt>
      <trkpt lat="50.599036" lon="3.007125">
        <ele>27.76</ele>
      </trkpt>
      <trkpt lat="50.599036" lon="3.007125">
        <ele>27.76</ele>
      </trkpt>
      <trkpt lat="50.59903" lon="3.007016">
        <ele>27.61</ele>
      </trkpt>
      <trkpt lat="50.598992" lon="3.00668">
        <ele>27.42</ele>
      </trkpt>
      <trkpt lat="50.598992" lon="3.00668">
        <ele>27.42</ele>
      </trkpt>
      <trkpt lat="50.598714" lon="3.004218">
        <ele>26</ele>
      </trkpt>
      <trkpt lat="50.598633" lon="3.003736">
        <ele>25</ele>
      </trkpt>
      <trkpt lat="50.598605" lon="3.00369">
        <ele>25</ele>
      </trkpt>
      <trkpt lat="50.598552" lon="3.003644">
        <ele>25</ele>
      </trkpt>
      <trkpt lat="50.598552" lon="3.003644">
        <ele>25</ele>
      </trkpt>
      <trkpt lat="50.598474" lon="3.003623">
        <ele>25</ele>
      </trkpt>
      <trkpt lat="50.598415" lon="3.003625">
        <ele>25</ele>
      </trkpt>
      <trkpt lat="50.598409" lon="3.003632">
        <ele>25</ele>
      </trkpt>
      <trkpt lat="50.598409" lon="3.003632">
        <ele>25</ele>
      </trkpt>
      <trkpt lat="50.598415" lon="3.003625">
        <ele>25</ele>
      </trkpt>
      <trkpt lat="50.598343" lon="3.003649">
        <ele>25</ele>
      </trkpt>
      <trkpt lat="50.598056" lon="3.004009">
        <ele>25.3</ele>
      </trkpt>
      <trkpt lat="50.597832" lon="3.004267">
        <ele>26</ele>
      </trkpt>
      <trkpt lat="50.597301" lon="3.004833">
        <ele>26</ele>
      </trkpt>
      <trkpt lat="50.596975" lon="3.00521">
        <ele>26.25</ele>
      </trkpt>
      <trkpt lat="50.596813" lon="3.005417">
        <ele>26.57</ele>
      </trkpt>
      <trkpt lat="50.596555" lon="3.005752">
        <ele>27</ele>
      </trkpt>
      <trkpt lat="50.596555" lon="3.005752">
        <ele>27</ele>
      </trkpt>
      <trkpt lat="50.596477" lon="3.005861">
        <ele>27.02</ele>
      </trkpt>
      <trkpt lat="50.596477" lon="3.005861">
        <ele>27.02</ele>
      </trkpt>
      <trkpt lat="50.596137" lon="3.006386">
        <ele>27.34</ele>
      </trkpt>
      <trkpt lat="50.59555" lon="3.007418">
        <ele>29</ele>
      </trkpt>
      <trkpt lat="50.594876" lon="3.008737">
        <ele>30</ele>
      </trkpt>
      <trkpt lat="50.594691" lon="3.009072">
        <ele>30.35</ele>
      </trkpt>
      <trkpt lat="50.594462" lon="3.009453">
        <ele>31</ele>
      </trkpt>
      <trkpt lat="50.594227" lon="3.009802">
        <ele>31.39</ele>
      </trkpt>
      <trkpt lat="50.594227" lon="3.009802">
        <ele>31.39</ele>
      </trkpt>
      <trkpt lat="50.593995" lon="3.010123">
        <ele>32</ele>
      </trkpt>
      <trkpt lat="50.593867" lon="3.010272">
        <ele>32</ele>
      </trkpt>
      <trkpt lat="50.593729" lon="3.010389">
        <ele>31.54</ele>
      </trkpt>
      <trkpt lat="50.593624" lon="3.010465">
        <ele>31.98</ele>
      </trkpt>
      <trkpt lat="50.59347" lon="3.010543">
        <ele>32</ele>
      </trkpt>
      <trkpt lat="50.59347" lon="3.010543">
        <ele>32</ele>
      </trkpt>
      <trkpt lat="50.593346" lon="3.01058">
        <ele>31.76</ele>
      </trkpt>
      <trkpt lat="50.593218" lon="3.010598">
        <ele>31.75</ele>
      </trkpt>
      <trkpt lat="50.593083" lon="3.010597">
        <ele>31.74</ele>
      </trkpt>
      <trkpt lat="50.592973" lon="3.010579">
        <ele>31.64</ele>
      </trkpt>
      <trkpt lat="50.592973" lon="3.010579">
        <ele>31.64</ele>
      </trkpt>
      <trkpt lat="50.592973" lon="3.010579">
        <ele>31.64</ele>
      </trkpt>
      <trkpt lat="50.592899" lon="3.010568">
        <ele>31.57</ele>
      </trkpt>
      <trkpt lat="50.592715" lon="3.010494">
        <ele>31.68</ele>
      </trkpt>
      <trkpt lat="50.592594" lon="3.010425">
        <ele>31.41</ele>
      </trkpt>
      <trkpt lat="50.592369" lon="3.010258">
        <ele>31.48</ele>
      </trkpt>
      <trkpt lat="50.591876" lon="3.00984">
        <ele>31.08</ele>
      </trkpt>
      <trkpt lat="50.591876" lon="3.00984">
        <ele>31.08</ele>
      </trkpt>
      <trkpt lat="50.591876" lon="3.00984">
        <ele>31.08</ele>
      </trkpt>
      <trkpt lat="50.591652" lon="3.009652">
        <ele>30.77</ele>
      </trkpt>
      <trkpt lat="50.591652" lon="3.009652">
        <ele>30.78</ele>
      </trkpt>
      <trkpt lat="50.591652" lon="3.009652">
        <ele>30.77</ele>
      </trkpt>
      <trkpt lat="50.590158" lon="3.008413">
        <ele>28</ele>
      </trkpt>
      <trkpt lat="50.589718" lon="3.008114">
        <ele>27.35</ele>
      </trkpt>
      <trkpt lat="50.589461" lon="3.007982">
        <ele>27</ele>
      </trkpt>
      <trkpt lat="50.589339" lon="3.007937">
        <ele>27</ele>
      </trkpt>
      <trkpt lat="50.589231" lon="3.007911">
        <ele>26.69</ele>
      </trkpt>
      <trkpt lat="50.58908" lon="3.007897">
        <ele>26.05</ele>
      </trkpt>
      <trkpt lat="50.588938" lon="3.007897">
        <ele>26.01</ele>
      </trkpt>
      <trkpt lat="50.588938" lon="3.007897">
        <ele>26.01</ele>
      </trkpt>
      <trkpt lat="50.588915" lon="3.007897">
        <ele>26</ele>
      </trkpt>
      <trkpt lat="50.588718" lon="3.007937">
        <ele>26</ele>
      </trkpt>
      <trkpt lat="50.58863" lon="3.007972">
        <ele>25.71</ele>
      </trkpt>
      <trkpt lat="50.58863" lon="3.007972">
        <ele>25.7</ele>
      </trkpt>
      <trkpt lat="50.588448" lon="3.008045">
        <ele>25.1</ele>
      </trkpt>
      <trkpt lat="50.588255" lon="3.00815">
        <ele>25</ele>
      </trkpt>
      <trkpt lat="50.587794" lon="3.008469">
        <ele>24</ele>
      </trkpt>
      <trkpt lat="50.586972" lon="3.009154">
        <ele>23</ele>
      </trkpt>
      <trkpt lat="50.586786" lon="3.00934">
        <ele>23</ele>
      </trkpt>
      <trkpt lat="50.586786" lon="3.00934">
        <ele>23</ele>
      </trkpt>
      <trkpt lat="50.586753" lon="3.009373">
        <ele>23</ele>
      </trkpt>
      <trkpt lat="50.586543" lon="3.009669">
        <ele>22.98</ele>
      </trkpt>
      <trkpt lat="50.586135" lon="3.010384">
        <ele>24</ele>
      </trkpt>
      <trkpt lat="50.585631" lon="3.01129">
        <ele>23</ele>
      </trkpt>
      <trkpt lat="50.585538" lon="3.011444">
        <ele>23</ele>
      </trkpt>
      <trkpt lat="50.585401" lon="3.01164">
        <ele>23</ele>
      </trkpt>
      <trkpt lat="50.585259" lon="3.011804">
        <ele>23</ele>
      </trkpt>
      <trkpt lat="50.585088" lon="3.011958">
        <ele>23</ele>
      </trkpt>
      <trkpt lat="50.584939" lon="3.012066">
        <ele>23</ele>
      </trkpt>
      <trkpt lat="50.584939" lon="3.012066">
        <ele>23</ele>
      </trkpt>
      <trkpt lat="50.584939" lon="3.012066">
        <ele>23</ele>
      </trkpt>
      <trkpt lat="50.584481" lon="3.012378">
        <ele>23</ele>
      </trkpt>
      <trkpt lat="50.58419" lon="3.012569">
        <ele>23</ele>
      </trkpt>
      <trkpt lat="50.584109" lon="3.012611">
        <ele>23</ele>
      </trkpt>
      <trkpt lat="50.584109" lon="3.012611">
        <ele>23</ele>
      </trkpt>
      <trkpt lat="50.583896" lon="3.012691">
        <ele>23</ele>
      </trkpt>
      <trkpt lat="50.583765" lon="3.012715">
        <ele>23</ele>
      </trkpt>
      <trkpt lat="50.583566" lon="3.012716">
        <ele>23</ele>
      </trkpt>
      <trkpt lat="50.583375" lon="3.012682">
        <ele>23</ele>
      </trkpt>
      <trkpt lat="50.583268" lon="3.012647">
        <ele>22.68</ele>
      </trkpt>
      <trkpt lat="50.583118" lon="3.01257">
        <ele>22</ele>
      </trkpt>
      <trkpt lat="50.582954" lon="3.012466">
        <ele>22</ele>
      </trkpt>
      <trkpt lat="50.582954" lon="3.012467">
        <ele>22</ele>
      </trkpt>
      <trkpt lat="50.582732" lon="3.012326">
        <ele>22.28</ele>
      </trkpt>
      <trkpt lat="50.582528" lon="3.012221">
        <ele>22.86</ele>
      </trkpt>
      <trkpt lat="50.582353" lon="3.012177">
        <ele>23</ele>
      </trkpt>
      <trkpt lat="50.582034" lon="3.012133">
        <ele>23</ele>
      </trkpt>
      <trkpt lat="50.581944" lon="3.012112">
        <ele>23</ele>
      </trkpt>
      <trkpt lat="50.581844" lon="3.012069">
        <ele>23</ele>
      </trkpt>
      <trkpt lat="50.581704" lon="3.011971">
        <ele>23</ele>
      </trkpt>
      <trkpt lat="50.581203" lon="3.011481">
        <ele>23.1</ele>
      </trkpt>
      <trkpt lat="50.581106" lon="3.011414">
        <ele>23.5</ele>
      </trkpt>
      <trkpt lat="50.581014" lon="3.011367">
        <ele>23.22</ele>
      </trkpt>
      <trkpt lat="50.580921" lon="3.011342">
        <ele>23.04</ele>
      </trkpt>
      <trkpt lat="50.580766" lon="3.011345">
        <ele>22.92</ele>
      </trkpt>
      <trkpt lat="50.580619" lon="3.011396">
        <ele>22.69</ele>
      </trkpt>
      <trkpt lat="50.580522" lon="3.011459">
        <ele>22.97</ele>
      </trkpt>
      <trkpt lat="50.580463" lon="3.011507">
        <ele>22.97</ele>
      </trkpt>
      <trkpt lat="50.58046" lon="3.0115000000000003">
        <ele>22.650000000000002</ele>
      </trkpt>
      <trkpt lat="50.58039" lon="3.0115700000000003">
        <ele>22.650000000000002</ele>
      </trkpt>
      <trkpt lat="50.57978000779574" lon="3.012350030330016">
        <ele>22.580000000000002</ele>
      </trkpt>
      <trkpt lat="50.57917001038232" lon="3.0131300404546377">
        <ele>22.7</ele>
      </trkpt>
      <trkpt lat="50.57856000775996" lon="3.0139100303746553">
        <ele>22.87</ele>
      </trkpt>
      <trkpt lat="50.57795" lon="3.0146900000000003">
        <ele>23.06</ele>
      </trkpt>
      <trkpt lat="50.57781000000001" lon="3.01493">
        <ele>23.090000000000003</ele>
      </trkpt>
      <trkpt lat="50.577690000000004" lon="3.0152900000000002">
        <ele>23.07</ele>
      </trkpt>
      <trkpt lat="50.577470000000005" lon="3.0160600000000004">
        <ele>23.19</ele>
      </trkpt>
      <trkpt lat="50.577380000000005" lon="3.01656">
        <ele>23.250000000000004</ele>
      </trkpt>
      <trkpt lat="50.57714000000001" lon="3.01682">
        <ele>23.360000000000003</ele>
      </trkpt>
      <trkpt lat="50.576755001042" lon="3.017295003788608">
        <ele>23.590000000000003</ele>
      </trkpt>
      <trkpt lat="50.576370000000004" lon="3.01777">
        <ele>23.89</ele>
      </trkpt>
      <trkpt lat="50.57618" lon="3.01797">
        <ele>24.25</ele>
      </trkpt>
      <trkpt lat="50.57611000000001" lon="3.0180100000000003">
        <ele>24.25</ele>
      </trkpt>
      <trkpt lat="50.57605" lon="3.0180000000000002">
        <ele>24.28</ele>
      </trkpt>
      <trkpt lat="50.575970000000005" lon="3.01792">
        <ele>24.28</ele>
      </trkpt>
      <trkpt lat="50.57591000000001" lon="3.0178300000000005">
        <ele>24.37</ele>
      </trkpt>
      <trkpt lat="50.57584000000001" lon="3.01779">
        <ele>24.37</ele>
      </trkpt>
      <trkpt lat="50.575340000000004" lon="3.0177">
        <ele>24.5</ele>
      </trkpt>
      <trkpt lat="50.57482" lon="3.01765">
        <ele>24.87</ele>
      </trkpt>
      <trkpt lat="50.57473" lon="3.0176800000000004">
        <ele>24.87</ele>
      </trkpt>
      <trkpt lat="50.57452000000001" lon="3.01771">
        <ele>24.91</ele>
      </trkpt>
      <trkpt lat="50.574510000000004" lon="3.01771">
        <ele>24.900000000000002</ele>
      </trkpt>
      <trkpt lat="50.574400000000004" lon="3.01765">
        <ele>24.900000000000002</ele>
      </trkpt>
      <trkpt lat="50.57432000000001" lon="3.0176600000000002">
        <ele>24.900000000000002</ele>
      </trkpt>
      <trkpt lat="50.574220000000004" lon="3.0176700000000003">
        <ele>24.740000000000002</ele>
      </trkpt>
      <trkpt lat="50.574219" lon="3.017674">
        <ele>25.1</ele>
      </trkpt>
      <trkpt lat="50.574161" lon="3.017642">
        <ele>25.19</ele>
      </trkpt>
      <trkpt lat="50.573837" lon="3.017356">
        <ele>25</ele>
      </trkpt>
      <trkpt lat="50.573618" lon="3.017209">
        <ele>25</ele>
      </trkpt>
      <trkpt lat="50.570666" lon="3.015582">
        <ele>26.82</ele>
      </trkpt>
      <trkpt lat="50.570445" lon="3.015381">
        <ele>27</ele>
      </trkpt>
      <trkpt lat="50.570396" lon="3.015321">
        <ele>27</ele>
      </trkpt>
      <trkpt lat="50.570363" lon="3.015253">
        <ele>27</ele>
      </trkpt>
      <trkpt lat="50.570351" lon="3.015153">
        <ele>27</ele>
      </trkpt>
      <trkpt lat="50.570332" lon="3.015093">
        <ele>27</ele>
      </trkpt>
      <trkpt lat="50.570305" lon="3.015041">
        <ele>27</ele>
      </trkpt>
      <trkpt lat="50.570272" lon="3.015005">
        <ele>27.02</ele>
      </trkpt>
      <trkpt lat="50.570254" lon="3.014985">
        <ele>27.03</ele>
      </trkpt>
      <trkpt lat="50.570193" lon="3.014958">
        <ele>27.06</ele>
      </trkpt>
      <trkpt lat="50.570151" lon="3.014958">
        <ele>27.1</ele>
      </trkpt>
      <trkpt lat="50.570092" lon="3.014983">
        <ele>27.25</ele>
      </trkpt>
      <trkpt lat="50.570041" lon="3.015037">
        <ele>27.53</ele>
      </trkpt>
      <trkpt lat="50.569968" lon="3.015043">
        <ele>27.16</ele>
      </trkpt>
      <trkpt lat="50.569914" lon="3.015031">
        <ele>27</ele>
      </trkpt>
      <trkpt lat="50.569678" lon="3.01493">
        <ele>27.36</ele>
      </trkpt>
      <trkpt lat="50.568888" lon="3.014402">
        <ele>28.53</ele>
      </trkpt>
      <trkpt lat="50.568734" lon="3.014265">
        <ele>29</ele>
      </trkpt>
      <trkpt lat="50.568623" lon="3.014135">
        <ele>29</ele>
      </trkpt>
      <trkpt lat="50.56862" lon="3.0141400000000003">
        <ele>28.090000000000003</ele>
      </trkpt>
      <trkpt lat="50.568623" lon="3.014135">
        <ele>29</ele>
      </trkpt>
      <trkpt lat="50.568495" lon="3.013949">
        <ele>29</ele>
      </trkpt>
      <trkpt lat="50.568369" lon="3.013721">
        <ele>29</ele>
      </trkpt>
      <trkpt lat="50.568118" lon="3.013159">
        <ele>29</ele>
      </trkpt>
      <trkpt lat="50.567968" lon="3.01287">
        <ele>30</ele>
      </trkpt>
      <trkpt lat="50.567828" lon="3.012648">
        <ele>30</ele>
      </trkpt>
      <trkpt lat="50.566302" lon="3.010499">
        <ele>32</ele>
      </trkpt>
      <trkpt lat="50.564962" lon="3.00856">
        <ele>30.95</ele>
      </trkpt>
      <trkpt lat="50.564354" lon="3.007664">
        <ele>30</ele>
      </trkpt>
      <trkpt lat="50.564143" lon="3.007441">
        <ele>29.98</ele>
      </trkpt>
      <trkpt lat="50.564105" lon="3.007377">
        <ele>29.8</ele>
      </trkpt>
      <trkpt lat="50.564062" lon="3.007305">
        <ele>29.6</ele>
      </trkpt>
      <trkpt lat="50.563973" lon="3.007104">
        <ele>29</ele>
      </trkpt>
      <trkpt lat="50.563905" lon="3.00697">
        <ele>29</ele>
      </trkpt>
      <trkpt lat="50.563602" lon="3.006434">
        <ele>29</ele>
      </trkpt>
      <trkpt lat="50.562364" lon="3.004186">
        <ele>27</ele>
      </trkpt>
      <trkpt lat="50.561936" lon="3.003391">
        <ele>26</ele>
      </trkpt>
      <trkpt lat="50.561933" lon="3.003386">
        <ele>26</ele>
      </trkpt>
      <trkpt lat="50.561930000000004" lon="3.0033900000000004">
        <ele>26.13</ele>
      </trkpt>
      <trkpt lat="50.56160000620472" lon="3.004240011857098">
        <ele>25.94</ele>
      </trkpt>
      <trkpt lat="50.5612700062228" lon="3.0050900118103803">
        <ele>25.66</ele>
      </trkpt>
      <trkpt lat="50.56094" lon="3.0059400000000003">
        <ele>25.540000000000003</ele>
      </trkpt>
      <trkpt lat="50.56066000198974" lon="3.006620004015624">
        <ele>25.44</ele>
      </trkpt>
      <trkpt lat="50.56038" lon="3.0073000000000003">
        <ele>25.41</ele>
      </trkpt>
      <trkpt lat="50.56001000220814" lon="3.008005005381876">
        <ele>25.61</ele>
      </trkpt>
      <trkpt lat="50.55964" lon="3.00871">
        <ele>25.76</ele>
      </trkpt>
      <trkpt lat="50.55951" lon="3.0090100000000004">
        <ele>25.75</ele>
      </trkpt>
      <trkpt lat="50.559430000000006" lon="3.0092800000000004">
        <ele>25.800000000000004</ele>
      </trkpt>
      <trkpt lat="50.55920000564128" lon="3.0104300057164437">
        <ele>25.86</ele>
      </trkpt>
      <trkpt lat="50.55897" lon="3.0115800000000004">
        <ele>26.320000000000004</ele>
      </trkpt>
      <trkpt lat="50.5587" lon="3.0124500000000003">
        <ele>26.37</ele>
      </trkpt>
      <trkpt lat="50.558240000000005" lon="3.01324">
        <ele>26.21</ele>
      </trkpt>
      <trkpt lat="50.55785" lon="3.0138100000000003">
        <ele>25.650000000000002</ele>
      </trkpt>
      <trkpt lat="50.55740000152857" lon="3.014405005663586">
        <ele>25.43</ele>
      </trkpt>
      <trkpt lat="50.55695000000001" lon="3.015">
        <ele>25.26</ele>
      </trkpt>
      <trkpt lat="50.55682" lon="3.01515">
        <ele>25.28</ele>
      </trkpt>
      <trkpt lat="50.55635" lon="3.0155800000000004">
        <ele>25.36</ele>
      </trkpt>
      <trkpt lat="50.55601000000001" lon="3.01594">
        <ele>25.42</ele>
      </trkpt>
      <trkpt lat="50.55577" lon="3.0163200000000003">
        <ele>25.560000000000002</ele>
      </trkpt>
      <trkpt lat="50.5553000088442" lon="3.0173366869549265">
        <ele>26.320000000000004</ele>
      </trkpt>
      <trkpt lat="50.554830008837314" lon="3.0183533536361176">
        <ele>26.98</ele>
      </trkpt>
      <trkpt lat="50.55436" lon="3.0193700000000003">
        <ele>27.410000000000004</ele>
      </trkpt>
      <trkpt lat="50.55390000810768" lon="3.020343352339375">
        <ele>27.500000000000004</ele>
      </trkpt>
      <trkpt lat="50.55344000810264" lon="3.0213166856830505">
        <ele>27.57</ele>
      </trkpt>
      <trkpt lat="50.552980000000005" lon="3.0222900000000004">
        <ele>27.6</ele>
      </trkpt>
      <trkpt lat="50.552550002860826" lon="3.0231000072908683">
        <ele>27.55</ele>
      </trkpt>
      <trkpt lat="50.55212" lon="3.0239100000000003">
        <ele>27.540000000000003</ele>
      </trkpt>
      <trkpt lat="50.55189000000001" lon="3.0243100000000003">
        <ele>27.46</ele>
      </trkpt>
      <trkpt lat="50.551285002746276" lon="3.025110010258272">
        <ele>27.42</ele>
      </trkpt>
      <trkpt lat="50.55068000000001" lon="3.02591">
        <ele>27.700000000000003</ele>
      </trkpt>
      <trkpt lat="50.55023000241386" lon="3.0266450068507273">
        <ele>27.6</ele>
      </trkpt>
      <trkpt lat="50.549780000000005" lon="3.0273800000000004">
        <ele>27.590000000000003</ele>
      </trkpt>
      <trkpt lat="50.54957" lon="3.0277600000000002">
        <ele>27.680000000000003</ele>
      </trkpt>
      <trkpt lat="50.54907000000001" lon="3.0289200000000003">
        <ele>28.380000000000003</ele>
      </trkpt>
      <trkpt lat="50.54907" lon="3.028919">
        <ele>28</ele>
      </trkpt>
      <trkpt lat="50.549373" lon="3.029229">
        <ele>28</ele>
      </trkpt>
      <trkpt lat="50.549609" lon="3.029462">
        <ele>28.37</ele>
      </trkpt>
      <trkpt lat="50.549609" lon="3.029462">
        <ele>28.37</ele>
      </trkpt>
      <trkpt lat="50.549609" lon="3.029462">
        <ele>28.37</ele>
      </trkpt>
      <trkpt lat="50.549811" lon="3.029657">
        <ele>29</ele>
      </trkpt>
      <trkpt lat="50.550063" lon="3.029852">
        <ele>29</ele>
      </trkpt>
      <trkpt lat="50.551068" lon="3.030567">
        <ele>31</ele>
      </trkpt>
      <trkpt lat="50.551352" lon="3.030759">
        <ele>31.06</ele>
      </trkpt>
      <trkpt lat="50.551752" lon="3.031041">
        <ele>31.67</ele>
      </trkpt>
      <trkpt lat="50.551752" lon="3.031042">
        <ele>31.67</ele>
      </trkpt>
      <trkpt lat="50.55207" lon="3.031265">
        <ele>32</ele>
      </trkpt>
      <trkpt lat="50.55237" lon="3.031442">
        <ele>32.26</ele>
      </trkpt>
      <trkpt lat="50.55237" lon="3.031442">
        <ele>32.26</ele>
      </trkpt>
      <trkpt lat="50.55237" lon="3.031442">
        <ele>32.26</ele>
      </trkpt>
      <trkpt lat="50.552917" lon="3.031751">
        <ele>33</ele>
      </trkpt>
      <trkpt lat="50.553119" lon="3.03183">
        <ele>33.86</ele>
      </trkpt>
      <trkpt lat="50.553705" lon="3.032041">
        <ele>34.82</ele>
      </trkpt>
      <trkpt lat="50.553705" lon="3.032041">
        <ele>34.82</ele>
      </trkpt>
      <trkpt lat="50.553705" lon="3.032041">
        <ele>34.82</ele>
      </trkpt>
      <trkpt lat="50.554046" lon="3.032165">
        <ele>35</ele>
      </trkpt>
      <trkpt lat="50.554196" lon="3.032218">
        <ele>35</ele>
      </trkpt>
      <trkpt lat="50.554196" lon="3.032218">
        <ele>35</ele>
      </trkpt>
      <trkpt lat="50.554486" lon="3.032322">
        <ele>35.4</ele>
      </trkpt>
      <trkpt lat="50.554486" lon="3.032322">
        <ele>35.4</ele>
      </trkpt>
      <trkpt lat="50.554858" lon="3.032455">
        <ele>36</ele>
      </trkpt>
      <trkpt lat="50.554858" lon="3.032455">
        <ele>36</ele>
      </trkpt>
      <trkpt lat="50.554858" lon="3.032455">
        <ele>36</ele>
      </trkpt>
      <trkpt lat="50.55526" lon="3.032595">
        <ele>36.19</ele>
      </trkpt>
      <trkpt lat="50.55526" lon="3.032595">
        <ele>36.19</ele>
      </trkpt>
      <trkpt lat="50.555441" lon="3.032658">
        <ele>36.66</ele>
      </trkpt>
      <trkpt lat="50.555441" lon="3.032658">
        <ele>36.66</ele>
      </trkpt>
      <trkpt lat="50.555536" lon="3.032692">
        <ele>37</ele>
      </trkpt>
      <trkpt lat="50.555593" lon="3.032746">
        <ele>37</ele>
      </trkpt>
      <trkpt lat="50.555651" lon="3.032776">
        <ele>37</ele>
      </trkpt>
      <trkpt lat="50.555828" lon="3.032838">
        <ele>37</ele>
      </trkpt>
      <trkpt lat="50.556133" lon="3.032958">
        <ele>38</ele>
      </trkpt>
      <trkpt lat="50.556314" lon="3.033031">
        <ele>38</ele>
      </trkpt>
      <trkpt lat="50.556918" lon="3.033236">
        <ele>39</ele>
      </trkpt>
      <trkpt lat="50.556918" lon="3.033236">
        <ele>39</ele>
      </trkpt>
      <trkpt lat="50.556918" lon="3.033236">
        <ele>39</ele>
      </trkpt>
      <trkpt lat="50.557185" lon="3.033332">
        <ele>39</ele>
      </trkpt>
      <trkpt lat="50.557406" lon="3.033464">
        <ele>39.79</ele>
      </trkpt>
      <trkpt lat="50.557479" lon="3.033546">
        <ele>40</ele>
      </trkpt>
      <trkpt lat="50.557514" lon="3.033622">
        <ele>40</ele>
      </trkpt>
      <trkpt lat="50.557535" lon="3.033706">
        <ele>40</ele>
      </trkpt>
      <trkpt lat="50.55754" lon="3.033768">
        <ele>40</ele>
      </trkpt>
      <trkpt lat="50.557539" lon="3.033792">
        <ele>40</ele>
      </trkpt>
      <trkpt lat="50.557534" lon="3.033862">
        <ele>40</ele>
      </trkpt>
      <trkpt lat="50.557539" lon="3.033956">
        <ele>40</ele>
      </trkpt>
      <trkpt lat="50.557568" lon="3.034089">
        <ele>40.33</ele>
      </trkpt>
      <trkpt lat="50.557621" lon="3.034205">
        <ele>41</ele>
      </trkpt>
      <trkpt lat="50.557697" lon="3.034294">
        <ele>41.02</ele>
      </trkpt>
      <trkpt lat="50.557756" lon="3.034331">
        <ele>41</ele>
      </trkpt>
      <trkpt lat="50.55785" lon="3.034349">
        <ele>41.06</ele>
      </trkpt>
      <trkpt lat="50.557943" lon="3.034321">
        <ele>41.26</ele>
      </trkpt>
      <trkpt lat="50.557967" lon="3.0343">
        <ele>41.19</ele>
      </trkpt>
      <trkpt lat="50.557967" lon="3.0343">
        <ele>41.19</ele>
      </trkpt>
      <trkpt lat="50.557967" lon="3.0343">
        <ele>41.19</ele>
      </trkpt>
      <trkpt lat="50.558026" lon="3.034249">
        <ele>41.02</ele>
      </trkpt>
      <trkpt lat="50.558072" lon="3.03418">
        <ele>41.09</ele>
      </trkpt>
      <trkpt lat="50.558139" lon="3.034132">
        <ele>41</ele>
      </trkpt>
      <trkpt lat="50.558261" lon="3.03411">
        <ele>41</ele>
      </trkpt>
      <trkpt lat="50.55829" lon="3.034114">
        <ele>41</ele>
      </trkpt>
      <trkpt lat="50.55829" lon="3.034114">
        <ele>41</ele>
      </trkpt>
      <trkpt lat="50.558392" lon="3.034147">
        <ele>41</ele>
      </trkpt>
      <trkpt lat="50.558502" lon="3.034236">
        <ele>41</ele>
      </trkpt>
      <trkpt lat="50.558623" lon="3.034364">
        <ele>41</ele>
      </trkpt>
      <trkpt lat="50.559115" lon="3.035026">
        <ele>41.49</ele>
      </trkpt>
      <trkpt lat="50.55924" lon="3.035197">
        <ele>42</ele>
      </trkpt>
      <trkpt lat="50.55924" lon="3.035197">
        <ele>42</ele>
      </trkpt>
      <trkpt lat="50.559318" lon="3.035302">
        <ele>42</ele>
      </trkpt>
      <trkpt lat="50.559563" lon="3.035565">
        <ele>42</ele>
      </trkpt>
      <trkpt lat="50.55963" lon="3.035658">
        <ele>42.05</ele>
      </trkpt>
      <trkpt lat="50.55963" lon="3.035658">
        <ele>42.05</ele>
      </trkpt>
      <trkpt lat="50.55963" lon="3.035658">
        <ele>42.05</ele>
      </trkpt>
      <trkpt lat="50.560018" lon="3.036198">
        <ele>40.89</ele>
      </trkpt>
      <trkpt lat="50.560018" lon="3.036197">
        <ele>40.89</ele>
      </trkpt>
      <trkpt lat="50.560092" lon="3.0363">
        <ele>40.31</ele>
      </trkpt>
      <trkpt lat="50.560272" lon="3.036549">
        <ele>43</ele>
      </trkpt>
      <trkpt lat="50.560785" lon="3.037246">
        <ele>42.88</ele>
      </trkpt>
      <trkpt lat="50.560785" lon="3.037246">
        <ele>42.88</ele>
      </trkpt>
      <trkpt lat="50.561876" lon="3.038613">
        <ele>42</ele>
      </trkpt>
      <trkpt lat="50.562263" lon="3.039072">
        <ele>41</ele>
      </trkpt>
      <trkpt lat="50.562457" lon="3.039288">
        <ele>41</ele>
      </trkpt>
      <trkpt lat="50.562675" lon="3.03953">
        <ele>40.99</ele>
      </trkpt>
      <trkpt lat="50.562675" lon="3.03953">
        <ele>40.99</ele>
      </trkpt>
      <trkpt lat="50.562675" lon="3.03953">
        <ele>40.99</ele>
      </trkpt>
      <trkpt lat="50.563036" lon="3.039928">
        <ele>40.39</ele>
      </trkpt>
      <trkpt lat="50.563597" lon="3.040531">
        <ele>40</ele>
      </trkpt>
      <trkpt lat="50.563745" lon="3.040669">
        <ele>39.4</ele>
      </trkpt>
      <trkpt lat="50.563745" lon="3.040669">
        <ele>39.4</ele>
      </trkpt>
      <trkpt lat="50.563745" lon="3.040669">
        <ele>39.4</ele>
      </trkpt>
      <trkpt lat="50.564142" lon="3.041017">
        <ele>39</ele>
      </trkpt>
      <trkpt lat="50.5647" lon="3.041432">
        <ele>38.3</ele>
      </trkpt>
      <trkpt lat="50.5647" lon="3.041432">
        <ele>38.3</ele>
      </trkpt>
      <trkpt lat="50.56507" lon="3.041699">
        <ele>37.81</ele>
      </trkpt>
      <trkpt lat="50.56507" lon="3.041699">
        <ele>37.81</ele>
      </trkpt>
      <trkpt lat="50.565395" lon="3.041939">
        <ele>37.03</ele>
      </trkpt>
      <trkpt lat="50.565395" lon="3.041939">
        <ele>37.03</ele>
      </trkpt>
      <trkpt lat="50.565455" lon="3.041987">
        <ele>37</ele>
      </trkpt>
      <trkpt lat="50.565499" lon="3.042069">
        <ele>37</ele>
      </trkpt>
      <trkpt lat="50.566025" lon="3.042422">
        <ele>36.65</ele>
      </trkpt>
      <trkpt lat="50.566025" lon="3.042422">
        <ele>36.65</ele>
      </trkpt>
      <trkpt lat="50.566435" lon="3.042698">
        <ele>36</ele>
      </trkpt>
      <trkpt lat="50.566652" lon="3.042834">
        <ele>36</ele>
      </trkpt>
      <trkpt lat="50.567995" lon="3.043763">
        <ele>34</ele>
      </trkpt>
      <trkpt lat="50.569676" lon="3.044878">
        <ele>31.56</ele>
      </trkpt>
      <trkpt lat="50.569676" lon="3.044878">
        <ele>31.56</ele>
      </trkpt>
      <trkpt lat="50.570039" lon="3.045107">
        <ele>31</ele>
      </trkpt>
      <trkpt lat="50.571678" lon="3.046099">
        <ele>30</ele>
      </trkpt>
      <trkpt lat="50.571678" lon="3.0461">
        <ele>30</ele>
      </trkpt>
      <trkpt lat="50.57216" lon="3.046398">
        <ele>30</ele>
      </trkpt>
      <trkpt lat="50.573022" lon="3.04697">
        <ele>30</ele>
      </trkpt>
      <trkpt lat="50.573749" lon="3.047461">
        <ele>30</ele>
      </trkpt>
      <trkpt lat="50.57425" lon="3.047778">
        <ele>31</ele>
      </trkpt>
      <trkpt lat="50.57499" lon="3.048169">
        <ele>31.99</ele>
      </trkpt>
      <trkpt lat="50.57499000000001" lon="3.0481700000000003">
        <ele>32.150000000000006</ele>
      </trkpt>
      <trkpt lat="50.57499" lon="3.048169">
        <ele>31.99</ele>
      </trkpt>
      <trkpt lat="50.574995" lon="3.048172">
        <ele>32</ele>
      </trkpt>
      <trkpt lat="50.575406" lon="3.048425">
        <ele>32.83</ele>
      </trkpt>
      <trkpt lat="50.575838" lon="3.048639">
        <ele>33.08</ele>
      </trkpt>
      <trkpt lat="50.575941" lon="3.048675">
        <ele>33</ele>
      </trkpt>
      <trkpt lat="50.576114" lon="3.048716">
        <ele>34</ele>
      </trkpt>
      <trkpt lat="50.577135" lon="3.049152">
        <ele>35</ele>
      </trkpt>
      <trkpt lat="50.578029" lon="3.049517">
        <ele>35.03</ele>
      </trkpt>
      <trkpt lat="50.578030000000005" lon="3.04951">
        <ele>35.9</ele>
      </trkpt>
      <trkpt lat="50.57859000002688" lon="3.0496499983211685">
        <ele>35.69</ele>
      </trkpt>
      <trkpt lat="50.579150000000006" lon="3.0497900000000002">
        <ele>35.4</ele>
      </trkpt>
      <trkpt lat="50.5795" lon="3.04992">
        <ele>35.32</ele>
      </trkpt>
      <trkpt lat="50.58010500016505" lon="3.050069998090151">
        <ele>34.940000000000005</ele>
      </trkpt>
      <trkpt lat="50.58071" lon="3.0502200000000004">
        <ele>34.730000000000004</ele>
      </trkpt>
      <trkpt lat="50.581175000022334" lon="3.050359998599142">
        <ele>34.35</ele>
      </trkpt>
      <trkpt lat="50.58164000000001" lon="3.0505000000000004">
        <ele>34.33</ele>
      </trkpt>
      <trkpt lat="50.58196" lon="3.0506400000000005">
        <ele>34.25</ele>
      </trkpt>
      <trkpt lat="50.58264000017024" lon="3.0508699966598547">
        <ele>34.510000000000005</ele>
      </trkpt>
      <trkpt lat="50.58332000000001" lon="3.0511000000000004">
        <ele>34.81</ele>
      </trkpt>
      <trkpt lat="50.583780000000004" lon="3.05119">
        <ele>35.51</ele>
      </trkpt>
      <trkpt lat="50.583960000000005" lon="3.05119">
        <ele>35.51</ele>
      </trkpt>
      <trkpt lat="50.58475000000001" lon="3.0513600000000003">
        <ele>36.14000000000001</ele>
      </trkpt>
      <trkpt lat="50.58527000005989" lon="3.0515199982178047">
        <ele>37.18000000000001</ele>
      </trkpt>
      <trkpt lat="50.58579" lon="3.05168">
        <ele>38.540000000000006</ele>
      </trkpt>
      <trkpt lat="50.58596000000001" lon="3.0517200000000004">
        <ele>38.86000000000001</ele>
      </trkpt>
      <trkpt lat="50.58635" lon="3.0517600000000003">
        <ele>39.650000000000006</ele>
      </trkpt>
      <trkpt lat="50.58666" lon="3.05174">
        <ele>40.150000000000006</ele>
      </trkpt>
      <trkpt lat="50.58679" lon="3.0517700000000003">
        <ele>40.470000000000006</ele>
      </trkpt>
      <trkpt lat="50.58690000000001" lon="3.0517700000000003">
        <ele>40.470000000000006</ele>
      </trkpt>
      <trkpt lat="50.58717000000001" lon="3.0517200000000004">
        <ele>40.620000000000005</ele>
      </trkpt>
      <trkpt lat="50.587610000000005" lon="3.0515900000000005">
        <ele>40.63</ele>
      </trkpt>
      <trkpt lat="50.588405000059694" lon="3.051415002970624">
        <ele>40.85</ele>
      </trkpt>
      <trkpt lat="50.589200000000005" lon="3.0512400000000004">
        <ele>42.07</ele>
      </trkpt>
      <trkpt lat="50.589420000000004" lon="3.05121">
        <ele>42.56</ele>
      </trkpt>
      <trkpt lat="50.590180000000004" lon="3.0512">
        <ele>43.53000000000001</ele>
      </trkpt>
      <trkpt lat="50.59107499995929" lon="3.0511500009534185">
        <ele>44.97</ele>
      </trkpt>
      <trkpt lat="50.59197" lon="3.0511000000000004">
        <ele>46.31</ele>
      </trkpt>
      <trkpt lat="50.59263000000001" lon="3.0510900000000003">
        <ele>47.470000000000006</ele>
      </trkpt>
      <trkpt lat="50.59334499999864" lon="3.051094999772156">
        <ele>49.150000000000006</ele>
      </trkpt>
      <trkpt lat="50.59405999999706" lon="3.0510999996961945">
        <ele>50</ele>
      </trkpt>
      <trkpt lat="50.59477499999526" lon="3.051104999772124">
        <ele>51.35000000000001</ele>
      </trkpt>
      <trkpt lat="50.595490000000005" lon="3.0511100000000004">
        <ele>52.190000000000005</ele>
      </trkpt>
      <trkpt lat="50.59579" lon="3.05113">
        <ele>52.33</ele>
      </trkpt>
      <trkpt lat="50.5966" lon="3.05121">
        <ele>52.050000000000004</ele>
      </trkpt>
      <trkpt lat="50.5972" lon="3.0513500000000002">
        <ele>50.89</ele>
      </trkpt>
      <trkpt lat="50.59733000000001" lon="3.0514400000000004">
        <ele>50.89</ele>
      </trkpt>
      <trkpt lat="50.59783" lon="3.0518600000000005">
        <ele>48.96</ele>
      </trkpt>
      <trkpt lat="50.59846" lon="3.05243">
        <ele>48.190000000000005</ele>
      </trkpt>
      <trkpt lat="50.598670000000006" lon="3.0526000000000004">
        <ele>47.220000000000006</ele>
      </trkpt>
      <trkpt lat="50.598960000000005" lon="3.0527800000000003">
        <ele>46.3</ele>
      </trkpt>
      <trkpt lat="50.599270000000004" lon="3.0530500000000003">
        <ele>45.69</ele>
      </trkpt>
      <trkpt lat="50.59962" lon="3.0533400000000004">
        <ele>44.95</ele>
      </trkpt>
      <trkpt lat="50.59964" lon="3.0544200000000004">
        <ele>44.84</ele>
      </trkpt>
      <trkpt lat="50.59958000761873" lon="3.055363335723905">
        <ele>45.040000000000006</ele>
      </trkpt>
      <trkpt lat="50.59952000761964" lon="3.056306669042723">
        <ele>45.21000000000001</ele>
      </trkpt>
      <trkpt lat="50.59946000000001" lon="3.0572500000000002">
        <ele>45.410000000000004</ele>
      </trkpt>
      <trkpt lat="50.59925500430119" lon="3.058250004253619">
        <ele>45.19</ele>
      </trkpt>
      <trkpt lat="50.599050000000005" lon="3.0592500000000005">
        <ele>44.410000000000004</ele>
      </trkpt>
      <trkpt lat="50.59888500339683" lon="3.06014000308541">
        <ele>43.92</ele>
      </trkpt>
      <trkpt lat="50.59872000000001" lon="3.06103">
        <ele>43.24</ele>
      </trkpt>
      <trkpt lat="50.5987" lon="3.0611800000000002">
        <ele>43.08</ele>
      </trkpt>
      <trkpt lat="50.598690000000005" lon="3.0615300000000003">
        <ele>42.82</ele>
      </trkpt>
      <trkpt lat="50.598735003507706" lon="3.0624349991764195">
        <ele>42.32</ele>
      </trkpt>
      <trkpt lat="50.598780000000005" lon="3.06334">
        <ele>41.86</ele>
      </trkpt>
      <trkpt lat="50.59893" lon="3.06407">
        <ele>41.57</ele>
      </trkpt>
      <trkpt lat="50.59911500478501" lon="3.065129995694227">
        <ele>41.300000000000004</ele>
      </trkpt>
      <trkpt lat="50.59930000000001" lon="3.06619">
        <ele>41.14</ele>
      </trkpt>
      <trkpt lat="50.59951000276667" lon="3.0669899965343856">
        <ele>40.77</ele>
      </trkpt>
      <trkpt lat="50.599720000000005" lon="3.0677900000000005">
        <ele>40.75</ele>
      </trkpt>
      <trkpt lat="50.599990000000005" lon="3.0687">
        <ele>40.64</ele>
      </trkpt>
      <trkpt lat="50.600010000000005" lon="3.06883">
        <ele>40.64</ele>
      </trkpt>
      <trkpt lat="50.600030000000004" lon="3.06957">
        <ele>40.46</ele>
      </trkpt>
      <trkpt lat="50.60004500266914" lon="3.070359999635049">
        <ele>40.53</ele>
      </trkpt>
      <trkpt lat="50.600060000000006" lon="3.0711500000000003">
        <ele>40.800000000000004</ele>
      </trkpt>
      <trkpt lat="50.600080000000005" lon="3.0712400000000004">
        <ele>40.800000000000004</ele>
      </trkpt>
      <trkpt lat="50.6004450013586" lon="3.071814995451437">
        <ele>40.79</ele>
      </trkpt>
      <trkpt lat="50.60081" lon="3.0723900000000004">
        <ele>40.6</ele>
      </trkpt>
      <trkpt lat="50.60081" lon="3.0723800000000003">
        <ele>40.6</ele>
      </trkpt>
      <trkpt lat="50.60116000000001" lon="3.07295">
        <ele>41.660000000000004</ele>
      </trkpt>
      <trkpt lat="50.6013" lon="3.0731300000000004">
        <ele>41.660000000000004</ele>
      </trkpt>
      <trkpt lat="50.6013" lon="3.073129">
        <ele>40.81</ele>
      </trkpt>
      <trkpt lat="50.60152" lon="3.073379">
        <ele>41.38</ele>
      </trkpt>
      <trkpt lat="50.602225" lon="3.074096">
        <ele>43.16</ele>
      </trkpt>
      <trkpt lat="50.602335" lon="3.07423">
        <ele>43.32</ele>
      </trkpt>
      <trkpt lat="50.602396" lon="3.074298">
        <ele>43.61</ele>
      </trkpt>
      <trkpt lat="50.602421" lon="3.074343">
        <ele>43.43</ele>
      </trkpt>
      <trkpt lat="50.602433" lon="3.07439">
        <ele>43.68</ele>
      </trkpt>
      <trkpt lat="50.602502" lon="3.074645">
        <ele>44.81</ele>
      </trkpt>
      <trkpt lat="50.602521" lon="3.074671">
        <ele>44.64</ele>
      </trkpt>
      <trkpt lat="50.602566" lon="3.074691">
        <ele>44.22</ele>
      </trkpt>
      <trkpt lat="50.602847" lon="3.074712">
        <ele>43</ele>
      </trkpt>
      <trkpt lat="50.602998" lon="3.074753">
        <ele>42.63</ele>
      </trkpt>
      <trkpt lat="50.603094" lon="3.074794">
        <ele>42.96</ele>
      </trkpt>
      <trkpt lat="50.603373" lon="3.074974">
        <ele>41.99</ele>
      </trkpt>
      <trkpt lat="50.603539" lon="3.075113">
        <ele>41.14</ele>
      </trkpt>
      <trkpt lat="50.603539" lon="3.075113">
        <ele>41.13</ele>
      </trkpt>
      <trkpt lat="50.603584" lon="3.07515">
        <ele>40.91</ele>
      </trkpt>
      <trkpt lat="50.60377" lon="3.075364">
        <ele>40.14</ele>
      </trkpt>
      <trkpt lat="50.60392" lon="3.075566">
        <ele>39.94</ele>
      </trkpt>
      <trkpt lat="50.60392" lon="3.075567">
        <ele>39.94</ele>
      </trkpt>
      <trkpt lat="50.604109" lon="3.075837">
        <ele>39.09</ele>
      </trkpt>
      <trkpt lat="50.604402" lon="3.076229">
        <ele>39</ele>
      </trkpt>
      <trkpt lat="50.604444" lon="3.076301">
        <ele>39</ele>
      </trkpt>
      <trkpt lat="50.604621" lon="3.076513">
        <ele>39</ele>
      </trkpt>
      <trkpt lat="50.604621" lon="3.076512">
        <ele>39</ele>
      </trkpt>
      <trkpt lat="50.604861" lon="3.076805">
        <ele>39</ele>
      </trkpt>
      <trkpt lat="50.604902" lon="3.076848">
        <ele>39</ele>
      </trkpt>
      <trkpt lat="50.605012" lon="3.076927">
        <ele>39</ele>
      </trkpt>
      <trkpt lat="50.605282" lon="3.077251">
        <ele>38</ele>
      </trkpt>
      <trkpt lat="50.605462" lon="3.077427">
        <ele>38</ele>
      </trkpt>
      <trkpt lat="50.605529" lon="3.077479">
        <ele>38</ele>
      </trkpt>
      <trkpt lat="50.6056" lon="3.077502">
        <ele>38</ele>
      </trkpt>
      <trkpt lat="50.6056" lon="3.0775">
        <ele>39.339999999999996</ele>
      </trkpt>
      <trkpt lat="50.6056" lon="3.077502">
        <ele>38</ele>
      </trkpt>
      <trkpt lat="50.605673" lon="3.077502">
        <ele>38</ele>
      </trkpt>
      <trkpt lat="50.60577" lon="3.077452">
        <ele>38</ele>
      </trkpt>
      <trkpt lat="50.605924" lon="3.077432">
        <ele>38</ele>
      </trkpt>
      <trkpt lat="50.606709" lon="3.076951">
        <ele>37.07</ele>
      </trkpt>
      <trkpt lat="50.607166" lon="3.076665">
        <ele>36.87</ele>
      </trkpt>
      <trkpt lat="50.607286" lon="3.076528">
        <ele>36</ele>
      </trkpt>
      <trkpt lat="50.607697" lon="3.076276">
        <ele>36</ele>
      </trkpt>
      <trkpt lat="50.607825" lon="3.07626">
        <ele>35.53</ele>
      </trkpt>
      <trkpt lat="50.607885" lon="3.076233">
        <ele>35.35</ele>
      </trkpt>
      <trkpt lat="50.608981" lon="3.075564">
        <ele>33.24</ele>
      </trkpt>
      <trkpt lat="50.60898" lon="3.0755600000000003">
        <ele>34.84</ele>
      </trkpt>
      <trkpt lat="50.609460000000006" lon="3.07547">
        <ele>34.21</ele>
      </trkpt>
      <trkpt lat="50.60965" lon="3.0753800000000004">
        <ele>33.870000000000005</ele>
      </trkpt>
      <trkpt lat="50.61014" lon="3.07532">
        <ele>33.03</ele>
      </trkpt>
      <trkpt lat="50.610380000000006" lon="3.07534">
        <ele>32.82</ele>
      </trkpt>
      <trkpt lat="50.61106" lon="3.0752400000000004">
        <ele>32.260000000000005</ele>
      </trkpt>
      <trkpt lat="50.61162" lon="3.0751500000000003">
        <ele>31.73</ele>
      </trkpt>
      <trkpt lat="50.61182" lon="3.07507">
        <ele>31.48</ele>
      </trkpt>
      <trkpt lat="50.612710000110376" lon="3.074925002739969">
        <ele>30.62</ele>
      </trkpt>
      <trkpt lat="50.613600000000005" lon="3.07478">
        <ele>29.87</ele>
      </trkpt>
      <trkpt lat="50.613780000000006" lon="3.0747700000000004">
        <ele>29.87</ele>
      </trkpt>
      <trkpt lat="50.614180000000005" lon="3.07486">
        <ele>29.740000000000002</ele>
      </trkpt>
      <trkpt lat="50.61431" lon="3.07487">
        <ele>29.69</ele>
      </trkpt>
      <trkpt lat="50.61473" lon="3.0748">
        <ele>29.5</ele>
      </trkpt>
      <trkpt lat="50.61545" lon="3.0745600000000004">
        <ele>29.630000000000003</ele>
      </trkpt>
      <trkpt lat="50.615950000000005" lon="3.0743600000000004">
        <ele>29.880000000000003</ele>
      </trkpt>
      <trkpt lat="50.61643" lon="3.0742100000000003">
        <ele>29.94</ele>
      </trkpt>
      <trkpt lat="50.61693499998343" lon="3.0740650015874142">
        <ele>29.560000000000002</ele>
      </trkpt>
      <trkpt lat="50.61744" lon="3.07392">
        <ele>29.220000000000002</ele>
      </trkpt>
      <trkpt lat="50.61815000000001" lon="3.07369">
        <ele>28.450000000000003</ele>
      </trkpt>
      <trkpt lat="50.61827" lon="3.0735900000000003">
        <ele>28.470000000000002</ele>
      </trkpt>
      <trkpt lat="50.61833000000001" lon="3.0735200000000003">
        <ele>28.520000000000003</ele>
      </trkpt>
      <trkpt lat="50.618945000267786" lon="3.0733250025165795">
        <ele>28.090000000000003</ele>
      </trkpt>
      <trkpt lat="50.61956000000001" lon="3.0731300000000004">
        <ele>28</ele>
      </trkpt>
      <trkpt lat="50.620200000477936" lon="3.072885003249458">
        <ele>27.650000000000002</ele>
      </trkpt>
      <trkpt lat="50.62084" lon="3.0726400000000003">
        <ele>27.540000000000003</ele>
      </trkpt>
      <trkpt lat="50.621390000342686" lon="3.072365003206681">
        <ele>27.270000000000003</ele>
      </trkpt>
      <trkpt lat="50.62194" lon="3.07209">
        <ele>27.15</ele>
      </trkpt>
      <trkpt lat="50.622110000000006" lon="3.0719900000000004">
        <ele>27.15</ele>
      </trkpt>
      <trkpt lat="50.622260000000004" lon="3.0718500000000004">
        <ele>27.13</ele>
      </trkpt>
      <trkpt lat="50.622263" lon="3.071855">
        <ele>24</ele>
      </trkpt>
      <trkpt lat="50.62233" lon="3.071753">
        <ele>24</ele>
      </trkpt>
      <trkpt lat="50.622527" lon="3.07138">
        <ele>24</ele>
      </trkpt>
      <trkpt lat="50.623663" lon="3.0692">
        <ele>24</ele>
      </trkpt>
      <trkpt lat="50.623933" lon="3.069573">
        <ele>23.61</ele>
      </trkpt>
      <trkpt lat="50.623933" lon="3.069573">
        <ele>23.61</ele>
      </trkpt>
      <trkpt lat="50.62401" lon="3.06966">
        <ele>23.36</ele>
      </trkpt>
      <trkpt lat="50.624115" lon="3.069716">
        <ele>23.9</ele>
      </trkpt>
      <trkpt lat="50.624233" lon="3.069728">
        <ele>23.47</ele>
      </trkpt>
      <trkpt lat="50.624368" lon="3.069721">
        <ele>23.23</ele>
      </trkpt>
      <trkpt lat="50.624484" lon="3.069688">
        <ele>23.42</ele>
      </trkpt>
      <trkpt lat="50.624523" lon="3.069687">
        <ele>23.45</ele>
      </trkpt>
      <trkpt lat="50.624879" lon="3.069677">
        <ele>23.77</ele>
      </trkpt>
      <trkpt lat="50.624879" lon="3.069677">
        <ele>23.77</ele>
      </trkpt>
      <trkpt lat="50.624879" lon="3.069677">
        <ele>23.77</ele>
      </trkpt>
      <trkpt lat="50.625498" lon="3.069659">
        <ele>24</ele>
      </trkpt>
      <trkpt lat="50.627055" lon="3.069614">
        <ele>23.26</ele>
      </trkpt>
      <trkpt lat="50.627055" lon="3.069614">
        <ele>23.26</ele>
      </trkpt>
      <trkpt lat="50.627419" lon="3.069604">
        <ele>23</ele>
      </trkpt>
      <trkpt lat="50.627419" lon="3.069604">
        <ele>23</ele>
      </trkpt>
      <trkpt lat="50.627419" lon="3.069604">
        <ele>23</ele>
      </trkpt>
      <trkpt lat="50.627863" lon="3.069594">
        <ele>23</ele>
      </trkpt>
      <trkpt lat="50.627863" lon="3.069594">
        <ele>23</ele>
      </trkpt>
      <trkpt lat="50.628168" lon="3.069589">
        <ele>23</ele>
      </trkpt>
      <trkpt lat="50.628168" lon="3.069589">
        <ele>23</ele>
      </trkpt>
      <trkpt lat="50.628201" lon="3.06959">
        <ele>23</ele>
      </trkpt>
      <trkpt lat="50.628231" lon="3.0698">
        <ele>23</ele>
      </trkpt>
      <trkpt lat="50.628231" lon="3.0698">
        <ele>23</ele>
      </trkpt>
      <trkpt lat="50.628763" lon="3.073452">
        <ele>24</ele>
      </trkpt>
      <trkpt lat="50.62884" lon="3.074029">
        <ele>24.17</ele>
      </trkpt>
      <trkpt lat="50.62884" lon="3.074029">
        <ele>24.17</ele>
      </trkpt>
      <trkpt lat="50.629043" lon="3.075445">
        <ele>24.97</ele>
      </trkpt>
      <trkpt lat="50.629043" lon="3.075445">
        <ele>24.97</ele>
      </trkpt>
      <trkpt lat="50.629112" lon="3.075929">
        <ele>25.19</ele>
      </trkpt>
      <trkpt lat="50.629171" lon="3.076347">
        <ele>25.45</ele>
      </trkpt>
      <trkpt lat="50.629244" lon="3.076738">
        <ele>26</ele>
      </trkpt>
      <trkpt lat="50.629354" lon="3.077522">
        <ele>26.85</ele>
      </trkpt>
      <trkpt lat="50.62941" lon="3.077517">
        <ele>26.82</ele>
      </trkpt>
      <trkpt lat="50.62941000000001" lon="3.07751">
        <ele>29.68</ele>
      </trkpt>
      <trkpt lat="50.62941" lon="3.077517">
        <ele>26.82</ele>
      </trkpt>
      <trkpt lat="50.629419" lon="3.077517">
        <ele>26.82</ele>
      </trkpt>
      <trkpt lat="50.629451" lon="3.07762">
        <ele>27</ele>
      </trkpt>
      <trkpt lat="50.62951" lon="3.077736">
        <ele>27</ele>
      </trkpt>
      <trkpt lat="50.629541" lon="3.077749">
        <ele>27</ele>
      </trkpt>
      <trkpt lat="50.629553" lon="3.077755">
        <ele>27</ele>
      </trkpt>
      <trkpt lat="50.629626" lon="3.077767">
        <ele>27</ele>
      </trkpt>
      <trkpt lat="50.62971" lon="3.077756">
        <ele>27</ele>
      </trkpt>
      <trkpt lat="50.62971" lon="3.0777500000000004">
        <ele>29.77</ele>
      </trkpt>
      <trkpt lat="50.629760000000005" lon="3.0777300000000003">
        <ele>29.720000000000002</ele>
      </trkpt>
      <trkpt lat="50.63052500189654" lon="3.0773475186635446">
        <ele>28.96</ele>
      </trkpt>
      <trkpt lat="50.63129000254098" lon="3.0769650248791045">
        <ele>28.220000000000002</ele>
      </trkpt>
      <trkpt lat="50.63205500193324" lon="3.0765825186459566">
        <ele>27.82</ele>
      </trkpt>
      <trkpt lat="50.63282" lon="3.0762">
        <ele>27.770000000000003</ele>
      </trkpt>
      <trkpt lat="50.633230000000005" lon="3.07609">
        <ele>28.28</ele>
      </trkpt>
      <trkpt lat="50.63329" lon="3.07608">
        <ele>28.37</ele>
      </trkpt>
      <trkpt lat="50.63329" lon="3.076086">
        <ele>25.99</ele>
      </trkpt>
      <trkpt lat="50.633295" lon="3.076086">
        <ele>26</ele>
      </trkpt>
      <trkpt lat="50.633386" lon="3.075025">
        <ele>23.34</ele>
      </trkpt>
      <trkpt lat="50.633386" lon="3.075025">
        <ele>23.35</ele>
      </trkpt>
      <trkpt lat="50.633412" lon="3.074727">
        <ele>23</ele>
      </trkpt>
      <trkpt lat="50.633428" lon="3.074588">
        <ele>23</ele>
      </trkpt>
      <trkpt lat="50.633405" lon="3.074558">
        <ele>23</ele>
      </trkpt>
      <trkpt lat="50.633405" lon="3.074558">
        <ele>23</ele>
      </trkpt>
      <trkpt lat="50.633389" lon="3.074536">
        <ele>23</ele>
      </trkpt>
      <trkpt lat="50.633355" lon="3.074448">
        <ele>23</ele>
      </trkpt>
      <trkpt lat="50.633095" lon="3.073244">
        <ele>23</ele>
      </trkpt>
      <trkpt lat="50.633095" lon="3.073244">
        <ele>23</ele>
      </trkpt>
      <trkpt lat="50.632605" lon="3.070971">
        <ele>23</ele>
      </trkpt>
      <trkpt lat="50.632605" lon="3.070971">
        <ele>23</ele>
      </trkpt>
      <trkpt lat="50.632605" lon="3.070971">
        <ele>23</ele>
      </trkpt>
      <trkpt lat="50.632576" lon="3.070831">
        <ele>23</ele>
      </trkpt>
      <trkpt lat="50.632576" lon="3.070831">
        <ele>23</ele>
      </trkpt>
      <trkpt lat="50.632556" lon="3.070735">
        <ele>23</ele>
      </trkpt>
      <trkpt lat="50.632556" lon="3.070735">
        <ele>23</ele>
      </trkpt>
      <trkpt lat="50.632525" lon="3.07059">
        <ele>23</ele>
      </trkpt>
      <trkpt lat="50.632525" lon="3.07059">
        <ele>23</ele>
      </trkpt>
      <trkpt lat="50.632518" lon="3.070556">
        <ele>23</ele>
      </trkpt>
      <trkpt lat="50.632518" lon="3.070556">
        <ele>23</ele>
      </trkpt>
      <trkpt lat="50.632276" lon="3.069442">
        <ele>23.01</ele>
      </trkpt>
      <trkpt lat="50.632276" lon="3.069442">
        <ele>23.01</ele>
      </trkpt>
      <trkpt lat="50.632027" lon="3.068297">
        <ele>23</ele>
      </trkpt>
      <trkpt lat="50.632019" lon="3.068262">
        <ele>23</ele>
      </trkpt>
      <trkpt lat="50.63208" lon="3.068251">
        <ele>23</ele>
      </trkpt>
      <trkpt lat="50.63208" lon="3.0682500000000004">
        <ele>27.44</ele>
      </trkpt>
      <trkpt lat="50.63264" lon="3.0681000000000003">
        <ele>27.19</ele>
      </trkpt>
      <trkpt lat="50.63315500012678" lon="3.0680500005365112">
        <ele>27.01</ele>
      </trkpt>
      <trkpt lat="50.63367" lon="3.068">
        <ele>26.7</ele>
      </trkpt>
      <trkpt lat="50.63391000000001" lon="3.06794">
        <ele>26.53</ele>
      </trkpt>
      <trkpt lat="50.63443" lon="3.06775">
        <ele>25.68</ele>
      </trkpt>
      <trkpt lat="50.634710000000005" lon="3.0685700000000002">
        <ele>25.02</ele>
      </trkpt>
      <trkpt lat="50.6351" lon="3.0693900000000003">
        <ele>24.830000000000002</ele>
      </trkpt>
      <trkpt lat="50.635290000000005" lon="3.0697200000000002">
        <ele>24.98</ele>
      </trkpt>
      <trkpt lat="50.635690000000004" lon="3.0703">
        <ele>24.6</ele>
      </trkpt>
      <trkpt lat="50.63595" lon="3.0698600000000003">
        <ele>24.17</ele>
      </trkpt>
      <trkpt lat="50.636210000000005" lon="3.0695200000000002">
        <ele>24.270000000000003</ele>
      </trkpt>
      <trkpt lat="50.63638" lon="3.06942">
        <ele>24.62</ele>
      </trkpt>
      <trkpt lat="50.636480000000006" lon="3.0693900000000003">
        <ele>24.62</ele>
      </trkpt>
      <trkpt lat="50.6366" lon="3.0694000000000004">
        <ele>24.44</ele>
      </trkpt>
      <trkpt lat="50.636610000000005" lon="3.0694000000000004">
        <ele>24.43</ele>
      </trkpt>
      <trkpt lat="50.63674251408971" lon="3.0683525088285464">
        <ele>24.16</ele>
      </trkpt>
      <trkpt lat="50.63687501878893" lon="3.067305011750813">
        <ele>23.75</ele>
      </trkpt>
      <trkpt lat="50.63700751409752" lon="3.066257508767159">
        <ele>24.060000000000002</ele>
      </trkpt>
      <trkpt lat="50.63714" lon="3.0652100000000004">
        <ele>24.23</ele>
      </trkpt>
      <trkpt lat="50.63712" lon="3.0651">
        <ele>24.23</ele>
      </trkpt>
      <trkpt lat="50.637060000000005" lon="3.06497">
        <ele>24.150000000000002</ele>
      </trkpt>
      <trkpt lat="50.63669" lon="3.06416">
        <ele>24.19</ele>
      </trkpt>
      <trkpt lat="50.636750000000006" lon="3.0639200000000004">
        <ele>23.930000000000003</ele>
      </trkpt>
      <trkpt lat="50.63725" lon="3.0633500000000002">
        <ele>23.610000000000003</ele>
      </trkpt>
      <trkpt lat="50.637280000000004" lon="3.0632500000000005">
        <ele>23.650000000000002</ele>
      </trkpt>
      <trkpt lat="50.637260000000005" lon="3.0631000000000004">
        <ele>23.650000000000002</ele>
      </trkpt>
      <trkpt lat="50.637264" lon="3.063096">
        <ele>20</ele>
      </trkpt>
      <trkpt lat="50.637102" lon="3.062735">
        <ele>19.25</ele>
      </trkpt>
      <trkpt lat="50.636764" lon="3.06194">
        <ele>19</ele>
      </trkpt>
      <trkpt lat="50.634577" lon="3.056782">
        <ele>19</ele>
      </trkpt>
      <trkpt lat="50.634577" lon="3.056782">
        <ele>19</ele>
      </trkpt>
      <trkpt lat="50.634575" lon="3.056778">
        <ele>19</ele>
      </trkpt>
      <trkpt lat="50.63369" lon="3.058374">
        <ele>20</ele>
      </trkpt>
      <trkpt lat="50.63369" lon="3.058374">
        <ele>20</ele>
      </trkpt>
      <trkpt lat="50.633645" lon="3.058455">
        <ele>20</ele>
      </trkpt>
      <trkpt lat="50.633636" lon="3.058471">
        <ele>20</ele>
      </trkpt>
      <trkpt lat="50.633586" lon="3.058388">
        <ele>20</ele>
      </trkpt>
      <trkpt lat="50.633367" lon="3.058779">
        <ele>20</ele>
      </trkpt>
      <trkpt lat="50.633367" lon="3.058779">
        <ele>20</ele>
      </trkpt>
      <trkpt lat="50.633367" lon="3.058779">
        <ele>20</ele>
      </trkpt>
      <trkpt lat="50.632142" lon="3.060993">
        <ele>20</ele>
      </trkpt>
      <trkpt lat="50.632142" lon="3.060993">
        <ele>20</ele>
      </trkpt>
      <trkpt lat="50.630653" lon="3.063683">
        <ele>21</ele>
      </trkpt>
      <trkpt lat="50.62991" lon="3.065007">
        <ele>21.01</ele>
      </trkpt>
      <trkpt lat="50.62991" lon="3.065007">
        <ele>21.01</ele>
      </trkpt>
      <trkpt lat="50.629917" lon="3.064994">
        <ele>21</ele>
      </trkpt>
      <trkpt lat="50.629966" lon="3.065073">
        <ele>21</ele>
      </trkpt>
      <trkpt lat="50.62962" lon="3.065712">
        <ele>21.33</ele>
      </trkpt>
      <trkpt lat="50.629047" lon="3.066719">
        <ele>21.97</ele>
      </trkpt>
      <trkpt lat="50.629023" lon="3.066761">
        <ele>22</ele>
      </trkpt>
      <trkpt lat="50.629513" lon="3.067437">
        <ele>23</ele>
      </trkpt>
      <trkpt lat="50.62954" lon="3.06749">
        <ele>23</ele>
      </trkpt>
      <trkpt lat="50.629540000000006" lon="3.0674900000000003">
        <ele>26.930000000000003</ele>
      </trkpt>
      <trkpt lat="50.62961000000001" lon="3.06829">
        <ele>26.62</ele>
      </trkpt>
      <trkpt lat="50.62962" lon="3.06836">
        <ele>26.650000000000002</ele>
      </trkpt>
      <trkpt lat="50.62957" lon="3.0683700000000003">
        <ele>26.650000000000002</ele>
      </trkpt>
      <trkpt lat="50.629490000000004" lon="3.06842">
        <ele>26.64</ele>
      </trkpt>
      <trkpt lat="50.62942" lon="3.0685000000000002">
        <ele>26.570000000000004</ele>
      </trkpt>
      <trkpt lat="50.62932000000001" lon="3.0687900000000004">
        <ele>26.54</ele>
      </trkpt>
      <trkpt lat="50.629270000000005" lon="3.06883">
        <ele>26.67</ele>
      </trkpt>
      <trkpt lat="50.629220000000004" lon="3.06883">
        <ele>26.67</ele>
      </trkpt>
      <trkpt lat="50.62873999988536" lon="3.0688750004709875">
        <ele>26.62</ele>
      </trkpt>
      <trkpt lat="50.628260000000004" lon="3.0689200000000003">
        <ele>26.900000000000002</ele>
      </trkpt>
      <trkpt lat="50.628267" lon="3.068919">
        <ele>23</ele>
      </trkpt>
      <trkpt lat="50.628267" lon="3.068919">
        <ele>23</ele>
      </trkpt>
      <trkpt lat="50.628260000000004" lon="3.0689200000000003">
        <ele>26.900000000000002</ele>
      </trkpt>
      <trkpt lat="50.62825" lon="3.06827">
        <ele>27.000000000000004</ele>
      </trkpt>
      <trkpt lat="50.62825" lon="3.06827">
        <ele>23</ele>
      </trkpt>
      <trkpt lat="50.628248" lon="3.06827">
        <ele>23</ele>
      </trkpt>
      <trkpt lat="50.628248" lon="3.068309">
        <ele>23</ele>
      </trkpt>
      <trkpt lat="50.628255" lon="3.068181">
        <ele>23</ele>
      </trkpt>
      <trkpt lat="50.62829" lon="3.068074">
        <ele>23</ele>
      </trkpt>
      <trkpt lat="50.628307" lon="3.068043">
        <ele>22.98</ele>
      </trkpt>
      <trkpt lat="50.628307" lon="3.068043">
        <ele>22.98</ele>
      </trkpt>
      <trkpt lat="50.629023" lon="3.066761">
        <ele>22</ele>
      </trkpt>
      <trkpt lat="50.628977" lon="3.066693">
        <ele>22</ele>
      </trkpt>
      <trkpt lat="50.62912" lon="3.066434">
        <ele>21.85</ele>
      </trkpt>
      <trkpt lat="50.62912" lon="3.066434">
        <ele>21.85</ele>
      </trkpt>
      <trkpt lat="50.629917" lon="3.064994">
        <ele>21</ele>
      </trkpt>
      <trkpt lat="50.629966" lon="3.065073">
        <ele>21</ele>
      </trkpt>
      <trkpt lat="50.630496" lon="3.064122">
        <ele>21</ele>
      </trkpt>
      <trkpt lat="50.630496" lon="3.064122">
        <ele>21</ele>
      </trkpt>
      <trkpt lat="50.630496" lon="3.064122">
        <ele>21</ele>
      </trkpt>
      <trkpt lat="50.631089" lon="3.06306">
        <ele>20.02</ele>
      </trkpt>
      <trkpt lat="50.631089" lon="3.06306">
        <ele>20.02</ele>
      </trkpt>
      <trkpt lat="50.631727" lon="3.061913">
        <ele>20.07</ele>
      </trkpt>
      <trkpt lat="50.633636" lon="3.058471">
        <ele>20</ele>
      </trkpt>
      <trkpt lat="50.633586" lon="3.058388">
        <ele>20</ele>
      </trkpt>
      <trkpt lat="50.634425" lon="3.056879">
        <ele>19.13</ele>
      </trkpt>
      <trkpt lat="50.634425" lon="3.056879">
        <ele>19.13</ele>
      </trkpt>
      <trkpt lat="50.634425" lon="3.056879">
        <ele>19.13</ele>
      </trkpt>
      <trkpt lat="50.634534" lon="3.056683">
        <ele>19</ele>
      </trkpt>
      <trkpt lat="50.634575" lon="3.056778">
        <ele>19</ele>
      </trkpt>
      <trkpt lat="50.635043" lon="3.055934">
        <ele>19</ele>
      </trkpt>
      <trkpt lat="50.635541" lon="3.055035">
        <ele>19.22</ele>
      </trkpt>
      <trkpt lat="50.635541" lon="3.055035">
        <ele>19.22</ele>
      </trkpt>
      <trkpt lat="50.635541" lon="3.055035">
        <ele>19.22</ele>
      </trkpt>
      <trkpt lat="50.637275" lon="3.051918">
        <ele>20</ele>
      </trkpt>
      <trkpt lat="50.637356" lon="3.051754">
        <ele>20.56</ele>
      </trkpt>
      <trkpt lat="50.637399" lon="3.051637">
        <ele>20.98</ele>
      </trkpt>
      <trkpt lat="50.637464" lon="3.051498">
        <ele>21</ele>
      </trkpt>
      <trkpt lat="50.637464" lon="3.051498">
        <ele>21</ele>
      </trkpt>
      <trkpt lat="50.637641" lon="3.051253">
        <ele>21</ele>
      </trkpt>
      <trkpt lat="50.637731" lon="3.051152">
        <ele>21.02</ele>
      </trkpt>
      <trkpt lat="50.637896" lon="3.051031">
        <ele>21.29</ele>
      </trkpt>
      <trkpt lat="50.638273" lon="3.050765">
        <ele>21</ele>
      </trkpt>
      <trkpt lat="50.638298" lon="3.050834">
        <ele>21</ele>
      </trkpt>
      <trkpt lat="50.63836" lon="3.050969">
        <ele>21</ele>
      </trkpt>
      <trkpt lat="50.638438" lon="3.050957">
        <ele>21</ele>
      </trkpt>
      <trkpt lat="50.638875" lon="3.050915">
        <ele>21</ele>
      </trkpt>
      <trkpt lat="50.638875" lon="3.050915">
        <ele>21</ele>
      </trkpt>
      <trkpt lat="50.639088" lon="3.050895">
        <ele>20.97</ele>
      </trkpt>
      <trkpt lat="50.639088" lon="3.050895">
        <ele>20.97</ele>
      </trkpt>
      <trkpt lat="50.639305" lon="3.050873">
        <ele>20.84</ele>
      </trkpt>
    </trkseg>
  </trk>
</gpx>
